provider,title,summary,content,url,published,relevant
naver,"[분석] 삼성전기, AI 서버용 MLCC '공급자 우위' 굳힌다…가격·물량 동...",삼성전기 수원사업장 전경.ㅣ삼성전기 삼성전기가 인공지능(AI) 서버용 적층세라믹캐패시터(MLCC) 시장에서 잇달아 대규모 장기공급계약(LTA)을 따내며 성장 보폭을 넓히고 있다. AI 데이터센터 투자 확대로 고성능... ,"삼성전기가 인공지능(AI) 서버용 적층세라믹캐패시터(MLCC) 시장에서 잇달아 대규모 장기공급계약(LTA)을 따내며 성장 보폭을 넓히고 있다. AI 데이터센터 투자 확대로 고성능 MLCC 수요가 급증하는 가운데 이를 안정적으로 생산할 수 있는 기업이 제한되면서 삼성전기의 가격 협상력도 한층 높아졌다는 분석이 나온다. 범용 제품에서 AI 서버용 고부가 제품으로 생산 비중을 옮기는 사업 재편이 본격화하면서 중장기 수익성 개선에도 속도가 붙을 전망이다.
24일 업계에 따르면 삼성전기는 최근 글로벌 대형기업과 약 3000억원(2억달러) 규모의 AI 서버용 MLCC 공급계약을 체결했다. 계약 기간은 2027년 1월 1일부터 12월 31일까지다. 삼성전기는 해당 고객사의 AI 서버와 데이터센터 시스템에 들어가는 고성능 MLCC를 공급할 예정이다.
공시 기준 계약금액은 2951억원이다. 지난 6월 30일 발표한 4540억원 규모의 계약을 포함하면 삼성전기가 확보한 2027년 AI 서버용 MLCC 장기계약은 총 7491억원에 달한다. 삼성전기는 AI 서버용 부품을 중심으로 장기 수주 기반을 빠르게 넓히고 있다. 지난 5월 글로벌 고객사와 약 1조5000억원 규모의 실리콘 캐패시터 공급계약을 체결한 데 이어 6월에는 글로벌 빅테크 기업과 약 4500억원 규모의 AI 서버용 MLCC 계약을 맺었다. 현재도 복수의 글로벌 고객사와 추가 중장기 공급 방안을 협의하고 있다.
■한 달 만에 같은 제품 가격 상승…MLCC 협상력 ‘공급자 중심’으로
시장에서는 이번 계약이 삼성전기의 가격 결정력이 강화되고 있음을 보여준다는 평가가 나온다. 고의영 iM증권 연구원은 계약 상대방을 글로벌 서버 조립업체(EMS), 최종 고객을 직전 계약과 다른 하이퍼스케일러로 파악했다. iM증권에 따르면 이번에 계약한 고용량 MLCC는 직전 수주와 같은 품목이지만 계약가격은 더 높은 수준에서 결정된 것으로 파악됐다. 불과 한 달 사이 동일 제품의 공급가격이 오른 셈이다.
통상 장기공급계약은 고객사가 일정 물량을 보장하는 대신 공급사가 가격을 일부 낮추는 방식으로 이뤄진다. 삼성전기는 이와 달리 장기 물량과 높은 가격을 함께 확보하고 있다는 분석이다. AI 서버용 소형·고용량 MLCC 수요가 빠르게 늘고 있지만, 까다로운 성능과 신뢰성 기준을 충족할 수 있는 공급업체는 삼성전기와 일본 무라타 등 소수에 그치기 때문이다.
AI 서버용 MLCC는 전기를 저장한 뒤 반도체에 안정적으로 공급하고 신호 간섭을 제거하는 핵심 부품이다. 일반 서버보다 탑재량이 10배 이상 많고 서버 랙 한 대에 최대 60만개가 들어간다. 초소형·초고용량 설계와 함께 고온·고전압, 휨 강도 등의 엄격한 기준도 충족해야 한다. 삼성전기는 이 시장에서 40% 이상의 점유율을 확보하며 글로벌 선두권을 유지하고 있다.
고 연구원은 “직전 계약이 하이퍼스케일러의 MLCC 공급 리스크 인지를 보여줬다면, 이번 계약은 공급업체의 협상력이 더 강해졌음을 보여주는 방증”이라며 “LTA는 공급 물량을 보장받는 대가로 가격을 일부 양보하는 것이 일반적이나, 삼성전기는 물량과 가격을 동시에 확보하고 있다”고 분석했다.
■가동률 95%…범용 생산 줄이고 추가 증설 나설 가능성
생산능력 운용에도 변화가 불가피할 전망이다. 삼성전기의 MLCC 가동률은 2026년 1분기 기준 이미 95%에 도달했다. 2027년 공급해야 할 AI 서버용 물량이 잇따라 추가되면서 범용 MLCC의 생산 비중을 더 낮추거나 신규 생산능력을 확보해야 할 필요성이 커지고 있다.
iM증권은 두 건의 장기계약 금액 7491억원에 서버용 MLCC 가격 18원과 생산 교환비 1대 3을 적용하면 범용 제품으로 환산한 생산능력 잠식량이 약 1249억개에 이를 것으로 추산했다. 이는 삼성전기의 2027년 예상 세라믹 생산능력 1조2000억개의 10.4%에 해당한다. 이번 수주가 전체 서버용 MLCC 수요의 일부라는 점을 고려하면 생산라인 전환과 증설 압력은 더욱 커질 수 있다.
고부가 제품으로의 전환에 따른 경제적 효과도 크다. iM증권은 범용 MLCC의 개당 이익을 0.2원, 서버용 제품은 5.4원으로 추정했다. 서버용 제품의 개당 이익이 범용 제품보다 27배 높은 셈이다. 수율과 적층 수 차이를 고려한 생산 교환비 1대 3을 적용하더라도 동일한 세라믹 생산능력을 서버용 제품에 배정하면 범용 제품을 만들 때보다 매출은 2.4배, 이익은 9배 늘어나는 것으로 분석됐다.
서버용 MLCC 확대는 총출하량을 크게 늘리지 않고도 매출과 수익성을 함께 끌어올릴 수 있는 구조다. 동시에 선두권 업체들이 생산라인을 AI용으로 전환하면 범용 제품의 공급 여력이 줄어들어 범용 MLCC 가격에도 상승 압력이 가해질 수 있다.
실적 성장의 기울기도 가팔라질 것으로 관측된다. 메리츠증권은 삼성전기의 2026년 2분기 매출을 3조3535억원으로 전망했다. 전년 동기보다 20.4% 증가한 규모다. 영업이익은 4282억원으로 101.0% 늘어나 시장 전망치인 4043억원을 5.9% 웃돌 것으로 예상했다.
우호적인 환율과 MLCC 가격 상승이 실적 개선을 이끄는 주요 요인으로 꼽혔다. 메리츠증권은 2분기 MLCC 평균판매가격(ASP) 상승률 전망치를 종전 5.5%에서 8.0%로 높였다. ABF 기판도 가격 상승과 주문형반도체(ASIC)·네트워크용 매출 확대에 힘입어 외형 성장과 수익성 개선이 동시에 나타날 것으로 내다봤다.
양승수 메리츠증권 연구원은 “삼성전기의 사업구조가 스마트폰을 비롯한 소비자용 제품 중심에서 AI 서버와 데이터센터 등 기업용 시장 중심으로 빠르게 전환되고 있다”며 “최근 체결한 약 4,500억원 규모의 단일 고객사 대상 AI용 MLCC 계약은 기존 최대 스마트폰 고객사에서 발생하던 연간 매출을 넘어서는 수준”이라고 분석했다.
기업 간 거래(B2B) 시장은 대형 고객 한 곳이 새로 진입하는 것만으로 수요가 계단식으로 증가하는 특성이 있다. 삼성전기가 다수의 클라우드서비스사업자(CSP), 반도체 기업과 추가 계약을 논의하고 있는 만큼 신규 계약이 체결될 때마다 기존 소비자용 부품 시장에서 보기 어려웠던 규모의 수요 증가가 반복될 가능성이 있다는 설명이다.
양 연구원은 “2028년 삼성전기 MLCC 매출에서 AI용 제품 비중이 IT용 제품을 넘어설 것으로 예상한다”며 “AI용 매출 확대와 범용 제품 가격 인상에 힘입어 컴포넌트사업부 영업이익률은 2028년 32.0%를 기록하며 과거 최대 호황기였던 2018년의 31.5%를 웃돌 것”이라고 전망했다.
[비즈트리뷴=이서련 기자]",http://www.biztribune.co.kr/news/articleView.html?idxno=356454,2026-07-24,y
naver,"삼성전기, 7% 넘게 하락하며 133만원대 후퇴…차익 실현에 약세 전환","삼성전기가 장중 7% 넘는 하락세를 보이며 130만원대에서 거래되고 있다. 장 초반 145만원선을 유지했지만 매도세가 빠르게 확대되면서 낙폭을 키웠고, 이후 일부 저가 매수세가 유입됐지만 약세 흐름은 이어졌다. 24일... ","[잡포스트] 전진홍 기자 = 삼성전기가 장중 7% 넘는 하락세를 보이며 130만원대에서 거래되고 있다. 장 초반 145만원선을 유지했지만 매도세가 빠르게 확대되면서 낙폭을 키웠고, 이후 일부 저가 매수세가 유입됐지만 약세 흐름은 이어졌다.
24일 오후 2시 36분 기준 한국거래소(KRX)에서 삼성전기는 전 거래일보다 11만원(7.60%) 내린 133만8,000원에 거래됐다.
이날 주가는 전일 대비 소폭 높은 145만원에 출발하며 강보합권을 형성했지만, 개장 이후 차익 실현 매물이 집중되면서 하락세로 전환됐다. 장중에는 131만8,000원까지 밀리며 이날 최저가를 기록했고, 이후 낙폭을 일부 만회했으나 133만원대에서 등락을 반복했다.
거래량은 약 49만 주를 기록했으며, 거래대금은 6,691억 원을 넘어섰다. 장중 거래가 활발하게 이어지면서 투자자들의 매매 공방도 치열하게 전개됐다.
이번 하락은 최근 주가 상승에 따른 차익 실현 움직임과 반도체 및 IT 부품주 전반의 투자심리 둔화가 복합적으로 작용한 영향으로 풀이된다. 시장에서는 실적 기대감은 유지되고 있지만 단기적으로는 수급 변화에 따른 변동성이 확대되고 있다는 분석이 나온다.
증권가는 삼성전기가 인공지능(AI) 서버와 고성능 패키지 기판, 적층세라믹콘덴서(MLCC) 등 고부가가치 사업을 중심으로 중장기 성장 기반을 갖추고 있다는 점에는 변함이 없다고 평가한다. 다만 최근 주가 상승폭이 컸던 만큼 단기 조정 국면이 이어질 가능성도 배제할 수 없다는 전망이다.
시장 관계자는 ""삼성전기는 실적 개선 기대와 단기 차익 실현 매물이 맞물리면서 장중 변동성이 확대되고 있다""며 ""향후 외국인과 기관의 수급 변화, 반도체 업황 및 IT 수요 회복 여부가 주가 흐름의 핵심 변수로 작용할 것""이라고 말했다.",https://www.job-post.co.kr/news/articleView.html?idxno=222077,2026-07-24,y
naver,"삼성전기, 석 달간 AI 부품 계약 2조원 넘어...""서버용 MLCC 수주 확대""",24일 업계에 따르면 삼성전기는 최근 글로벌 대형 고객사와 2951억원 규모 AI 서버용 MLCC 공급계약을 체결했다. 계약 기간은 2027년 1월부터 12월까지 1년이다. 삼성전기는 지난 6월 글로벌 빅테크와 약 4540억원 규모 AI... ,"글로벌 대형 고객사와 2951억 MLCC 계약 체결
서버용 MLCC 공급 부족에 가격·협상력 동반 상승
범용 중심에서 고부가 제품 중심으로 사업 재편 가속
24일 업계에 따르면 삼성전기는 최근 글로벌 대형 고객사와 2951억원 규모 AI 서버용 MLCC 공급계약을 체결했다. 계약 기간은 2027년 1월부터 12월까지 1년이다.
삼성전기는 지난 6월 글로벌 빅테크와 약 4540억원 규모 AI 서버용 MLCC 장기공급계약을 체결한 데 이어 추가로 확보했다. 앞서 5월에는 1조5000억원 규모 실리콘 캐패시터 공급계약도 체결했다. 최근 석 달간 확보한 AI 핵심 부품 장기계약 규모만 약 2조2500억원에 달한다.
장덕현 삼성전기 사장은 ""이번 계약은 삼성전기 MLCC가 AI 인프라의 핵심 부품으로서 기술력을 인정받은 결과""라며 “고객사의 신뢰를 바탕으로 차세대 선단 제품 개발과 안정적인 공급체계를 구축해 AI 부품 시장을 주도해 나가겠다”고 말했다.
시장에서는 직전 계약과 비교해 이번 계약의 판가가 높아진 것으로 추정하며 AI 서버용 MLCC 시장에서 공급업체의 협상력이 강화되고 있다고 분석했다. 장기공급계약은 안정적인 물량을 보장하는 대신 가격을 낮추는 경우도 있지만 AI 서버용 MLCC는 공급이 수요를 따라가지 못하기 때문이다.
삼성전기 관계자는 이에 대해 ""계약 세부 조건은 확인이 어렵다""고 밝혔다.
AI 서버용 MLCC는 일반 서버보다 훨씬 높은 기술력을 요구한다. 서버 랙 기준 최대 60만개가 탑재돼 일반 서버보다 사용량이 10배 이상 많고 고온·고전압 환경에서도 안정적인 전력 공급과 노이즈 제어 성능을 유지해야 한다. 초소형·고용량 설계와 높은 신뢰성이 필수인 만큼 실제 공급 가능한 업체는 삼성전기와 일본 무라타 등에 한정된다는 평가다.
삼성전기는 AI 서버용 MLCC 시장에서 40% 이상의 점유율을 확보하며 글로벌 선두권을 유지하고 있다. 업계 1위인 일본 무라타가 약 45%를 차지하고 있으며 TDK와 타이요유덴, 대만 야게오 등이 뒤를 이어 약 15%의 공급사로 자리하고 있다.
고의영 iM증권 연구원은 ""삼성전기 MLCC 가동률이 이미 높은 수준에 도달한 만큼 AI 서버용 제품 비중이 확대될수록 범용 MLCC 생산 비중은 점차 축소될 것""으로 전망했다. AI 서버용 MLCC는 범용 제품보다 수익성이 높은 만큼 출하량 증가 없이도 매출과 수익성을 동시에 끌어올릴 수 있다는 분석이다.
업계에서는 AI 인프라 투자가 확대될수록 이 같은 흐름이 더욱 뚜렷해질 것으로 보고 있다. 과거에는 MLCC가 고객 주문에 맞춰 단기 공급되는 범용 부품이었다면 AI 서버 시장에서는 장기간 공급 물량을 미리 확보하는 전략 부품으로 성격이 바뀌고 있다는 것이다.
김다경 빅데이터뉴스 기자 dk@thebigdata.co.kr",http://www.thebigdata.co.kr/view.php?ud=20260724115109340ecbf9426b_23,2026-07-24,y
naver,"현대모비스, 2분기 영업이익 9,752억 원…전년 대비 12.1%↑","현대모비스가 올해 2분기 두 자릿수 영업이익 성장을 기록했습니다. 현대모비스는 올해 2분기 ▲매출액 16조 3,247억 원 ▲영업이익 9,752억 원 ▲당기순이익은 1조 602억 원을 기록했다고 오늘(24일) 밝혔습니다. 지난해... ","현대모비스가 올해 2분기 두 자릿수 영업이익 성장을 기록했습니다.
  
현대모비스는 올해 2분기 ▲매출액 16조 3,247억 원 ▲영업이익 9,752억 원 ▲당기순이익은 1조 602억 원을 기록했다고 오늘(24일) 밝혔습니다.
  지난해 같은 기간보다 매출은 2.4%, 영업이익은 12.1%, 당기순이익은 13.5% 증가했습니다.
  상반기 누적 기준으로는 ▲매출액 31조 8,852억 원 ▲영업이익 1조 7,778억 원을 기록하며 전년 동기 대비 각각 3.9%, 8.0% 성장했습니다.
  
현대모비스는 제품 믹스 개선과 전사적인 수익성 강화 활동이 실적 향상을 견인했다고 섦여했습니다.
  일부 완성차 고객사의 생산 물량 감소로 전동화 부문 매출이 소폭 줄고 메모리 반도체 비용 부담이 지속됐지만, 해외 완성차 메이커 대상 매출 증가와 고부가가치 전장부품 공급확대가 이를 상쇄했습니다.
  A/S 부품 역시 글로벌 판매 증가와 우호적인 환율 효과에 힘입어 견조한 실적을 이어갔습니다. 
  
현대모비스는 미래 모빌리티 핵심 기술 확보를 위해 상반기 누적 9,508억 규모의 연구개발(R&D) 투자를 집행했습니다.
  이는 연간 투자 계획인 2조 1,631억원의 약 44% 수준입니다.
  아울러 북미와 유럽·아시아 지역 주요 완성차 업체를 대상으로 핵심부품 수주 활동을 강화하며 글로벌 고객 다변화에도 속도를 내고 있습니다. 
  
현대모비스 관계자는 ""상반기에는 고객사의 전략 변경에 따른 프로젝트 일정 조정과 전동화 시장 성장세 둔화 등의 영향으로 일부 수주가 지연되기도 했지만, 신규 제품과 신규 고객사 대상 최초 수주 확보에 집중해 수주의 질을 높이고 추가 수주 기회를 적극 확대해 나갈 계획""이라고 말했습니다.
 [ 김우연 기자 / kim.wooyeon@mktv.co.kr ]
 [ⓒ 매일경제TV  & mktv.co.kr, 무단전재 및 재배포 금지 ]",http://mbnmoney.mbn.co.kr/news/view?news_no=MM1005886733,2026-07-24,y
naver,"현대모비스, 제조 부문 회복 신호탄…고부가 부품으로 수익성 강화","""서비스 부문의 양호한 수익성과 제조 부문의 고부가가치 제품 믹스 개선이 지속되고 있다."" 24일 김도형 현대모비스 재경담당 전무는 2026년 2분기 실적발표 컨퍼런스콜에서 이같이 말하며 하반기에도 실적 개선... ","A/S 호조·모듈 흑자 전환 등 실적 개선
반도체 원가 부담 대응…장기 계약 확대
""서비스 부문의 양호한 수익성과 제조 부문의 고부가가치 제품 믹스 개선이 지속되고 있다.""
24일 김도형 현대모비스 재경담당 전무는 2026년 2분기 실적발표 컨퍼런스콜에서 이같이 말하며 하반기에도 실적 개선 흐름을 이어가겠다는 자신감을 나타냈다.
현대모비스는 올해 2분기 연결 기준 매출 16조3247억원, 영업이익 9752억원을 기록했다. 전년 동기 대비 매출은 2.4%, 영업이익은 12.1% 증가했다. 당기순이익은 1조602억원으로 13.5% 늘었으며 영업이익률은 6.0%로 전년 동기보다 0.5% 상승했다.
이번 실적은 A/S 중심의 안정적인 수익성에 더해 모듈·핵심부품 사업이 한 분기 만에 흑자로 전환하며 실적 개선의 폭을 넓혔다. 완성차 생산 감소와 전동화 수요 둔화, 메모리 반도체 가격 상승 등 대외 부담이 이어졌지만 비계열 고객 확대와 전장부품 중심의 제품 믹스 개선이 이를 상당 부분 상쇄했다.
모듈·핵심부품 사업은 매출 12조8942억원, 영업이익 218억원을 기록했다. 현대차·기아 생산량이 전년 동기 대비 4.5% 감소했지만 핵심부품 매출은 비계열 고객 확대와 전장부품 공급 증가에 힘입어 9.7% 늘어난 3조9537억원을 기록했다. 전동화 부문은 북미 전기차 생산 감소 영향으로 매출이 11.3% 줄었지만 1분기 적자를 딛고 다시 흑자를 기록하며 수익성 회복의 발판을 마련했다.
김 전무는 ""상반기 제조는 지난 1분기 부진한 실적을 극복하고 손익분기점을 넘겼다""며 ""인도 공장 화재와 메모리 반도체 가격 상승 등 일시적인 비용 부담을 감안하면 의미 있는 성과라고 생각한다""고 말했다.
수익성 개선의 중심에는 A/S 사업이 있었다. A/S 사업 매출은 전년 동기 대비 3.0% 증가한 3조4304억원, 영업이익은 15.1% 늘어난 9534억원을 기록했다. 지역별 판매가격 인상과 우호적인 환율 효과, 미국 관세 환급 등이 실적 개선을 이끌었다. 김 전무는 ""서비스 부문의 실적은 단순히 환율이나 일시적인 요인뿐 아니라 가격 인상과 운영 효율성이 개선된 구조적인 성과""라고 설명했다.
현대모비스는 하반기에도 반도체와 전자부품 가격 상승, 인도 공장 화재에 따른 비용 부담 등 대외 변수에 대응하는 데 역량을 집중할 계획이다. 메모리 반도체와 PCB 등 주요 부품의 장기 공급계약을 확대하고 전사적인 원가 절감 활동을 병행해 공급 안정성과 수익성을 함께 확보한다는 전략이다. 공급망 불확실성이 커지는 상황을 오히려 고객 신뢰를 높일 기회로 활용하겠다는 구상이다.
비계열 수주 확대는 남은 과제다. 상반기 비계열 수주액은 7억3600만달러로 연간 목표인 89억7400만달러의 8.2%를 달성하는 데 그쳤다. 미국과 유럽 완성차 업체들이 전기차 중심 전략을 하이브리드 등 멀티 파워트레인 중심으로 조정하면서 일부 프로젝트가 지연된 영향이다. 현대모비스는 하반기 신규 제품과 신규 고객사 확보를 통해 수주의 질을 높이고 추가 수주 기회를 확대한다는 방침이다.
현대모비스 관계자는 ""상반기에는 고객사의 전략 변경에 따른 프로젝트 일정 조정과 전동화 시장 성장세 둔화 등의 영향으로 일부 수주가 지연되기도 했지만, 신규 제품과 신규 고객사 대상 최초 수주 확보에 집중해 수주의 질을 높이고 추가 수주 기회를 적극 확대해 나갈 계획""이라고 말했다.
[위키리크스한국=김성지 기자]
jerome@wikileaks-kr.org",http://www.wikileaks-kr.org/news/articleView.html?idxno=190146,2026-07-24,y
naver,"현대모비스, 2분기 영업이익 9752억원…전년 동기 대비 12.1%↑","현대모비스가 글로벌 고객사 대상 전장부품 공급 확대와 핵심부품 경쟁력을 바탕으로 올해 2분기 성장세를 이어갔다. 현대모비스는 올해 2분기 매출은 16조3247억원으로 전년 동기 대비 2.4% 증가했으며, 영업이익은... ","[백세시대 = 김인하 기자] 현대모비스가 글로벌 고객사 대상 전장부품 공급 확대와 핵심부품 경쟁력을 바탕으로 올해 2분기 성장세를 이어갔다. 현대모비스는 올해 2분기 매출은 16조3247억원으로 전년 동기 대비 2.4% 증가했으며, 영업이익은 9752억원으로 12.1%, 당기순이익은 1조602억원으로 13.5% 각각 늘었다고 24일 밝혔다.
실적 개선은 제품 믹스 개선과 전사적인 수익성 강화가 주효했다. 일부 완성차 고객사의 생산 물량 감소와 메모리 반도체 비용 부담에도 해외 완성차 메이커 대상 매출 증가와 고부가가치 전장부품 공급 확대 등이 실적을 뒷받침했다.
현대모비스는 올해 상반기 누적 9508억원 규모의 연구개발(R&D) 투자를 단행했다. 아울러 북미와 유럽, 아시아 지역 주요 완성차 업체를 대상으로 핵심부품 수주 활동을 강화하고 있으며, 상반기에는 글로벌 고객사를 대상으로 7억4000만달러 규모의 수주 실적을 거뒀다.
현대모비스 관계자는 “고객사의 전략 변경과 전동화 시장 성장세 둔화로 상반기 일부 수주가 지연됐지만, 신규 제품과 신규 고객사 확보에 역량을 집중해 수익성 높은 수주를 지속 확대해 나가겠다”고 말했다.",https://www.100ssd.co.kr/news/articleView.html?idxno=211434,2026-07-24,y
naver,"현대모비스, 2분기 영업익 9752억…전년比 12.1%↑",현대모비스가 고부가가치 전장부품 공급 확대와 견조한 A/S 사업에 힘입어 올해 2분기 두 자릿수 영업이익 성장세를 기록했다. 전동화 시장 성장 둔화에도 모듈 및 핵심부품 사업이 흑자 전환에 성공하며 수익성을... ,"매출 16조3247억 기록…전장·A/S 사업 호조로 수익성 개선
전동화 사업 흑자 전환…상반기 글로벌 수주 7억4000만달러
		
		
		(팝콘뉴스=정소영 기자) 현대모비스가 고부가가치 전장부품 공급 확대와 견조한 A/S 사업에 힘입어 올해 2분기 두 자릿수 영업이익 성장세를 기록했다.
전동화 시장 성장 둔화에도 모듈 및 핵심부품 사업이 흑자 전환에 성공하며 수익성을 끌어올렸고, 연구개발(R&D) 투자와 글로벌 고객사 확보를 통해 미래 성장 기반도 강화하는 모습이다.
24일 전자공시시스템에 따르면 올해 2분기 연결 기준 매출은 16조3247억 원, 영업이익은 9752억 원으로 집계됐다.
전년 동기 대비 매출은 2.4%, 영업이익은 12.1% 증가했다. 당기순이익은 1조602억 원으로 13.5% 늘었다.
상반기 누적 기준으로는 매출 31조8852억 원, 영업이익 1조7778억 원을 기록해 지난해 같은 기간보다 각각 3.9%, 8% 증가했다.
다만 상반기 누적 당기순이익은 1조9433억 원으로 전년 동기 대비 1.16% 감소했다.
실적 개선은 고부가가치 전장부품 공급 확대와 글로벌 고객사 매출 증가가 이끌었다는 설명이다.
일부 완성차 업체의 생산 물량 감소로 전동화 부문 매출이 소폭 줄고 메모리 반도체 비용 부담이 이어졌지만, 제품 믹스 개선과 전사적인 수익성 강화 활동으로 이를 상쇄했다는 것이다.
특히 전동화 수요 둔화에도 모듈 및 핵심부품 사업은 흑자 전환에 성공했다.
글로벌 판매 증가와 우호적인 환율 효과가 더해진 A/S 부품 사업도 안정적인 수익을 이어가며 실적을 뒷받침했다.
현대모비스는 미래 성장동력 확보를 위한 투자도 지속하고 있다. 올해 상반기 연구개발(R&D)에 9508억 원을 집행했다. 이는 연간 투자 계획(2조1631억원)의 약 44% 수준이다.
글로벌 고객 다변화에도 속도를 내고 있다.
북미와 유럽, 아시아 주요 완성차 업체를 대상으로 핵심부품 수주 활동을 강화한 결과, 올해 상반기 글로벌 고객사를 대상으로 7억4000만달러 규모의 수주 실적을 올렸다.
더불어 현대모비스는 주주환원 정책도 이어간다.
올해 중간배당은 주당 1500원으로 배당 기준일은 8월 10일이다. 또 5월부터 7월까지 총 5000억 원 규모의 자사주 약 91만주를 매입했으며, 오는 8월 전량 소각할 예정이다.
이를 통해 배당 확대와 자사주 매입·소각을 병행하며 주주가치를 높인다는 방침이다.
현대모비스 관계자는 ""상반기에는 고객사의 전략 변경에 따른 프로젝트 일정 조정과 전동화 시장 성장세 둔화 등의 영향으로 일부 수주가 지연되기도 했지만, 신규 제품과 신규 고객사 대상 최초 수주 확보에 집중해 수주의 질을 높이고 추가 수주 기회를 적극 확대해 나갈 계획""이라고 말했다. [팝콘뉴스]",http://www.popcornnews.net/news/articleView.html?idxno=127601,2026-07-24,y
naver,"반도체값 뛰어도 버텼다…현대모비스, 2분기 영업익 12% 성장",현대모비스가 올해 2분기 영업이익 두 자릿수 증가를 기록했다. 메모리 반도체 가격 인상에 따른 비용 부담이 커졌지만 수익성이 높은 전장 제품 판매가 늘어난 데다 A/S 부문이 안정적인 이익을 내면서 비용 부담을... ,"현대모비스가 올해 2분기 영업이익 두 자릿수 증가를 기록했다. 메모리 반도체 가격 인상에 따른 비용 부담이 커졌지만 수익성이 높은 전장 제품 판매가 늘어난 데다 A/S 부문이 안정적인 이익을 내면서 비용 부담을 상쇄했다.
현대모비스는 24일 올해 2분기 연결 기준 매출 16조3247억원, 영업이익 9752억원을 기록했다고 밝혔다. 지난해 같은 기간과 비교해 매출은 2.4%, 영업이익은 12.1% 늘었다. 당기순이익은 1조602억원으로 13.5% 증가했다.
현대모비스는 이날 실적발표 컨퍼런스콜에서 하반기 경영 변수로 메모리 반도체 가격 상승을 지목했다. 김도형 최고재무관리자(CFO)는 “반도체 가격 상승 폭이 당초 예상보다 크다""며 “2분기 실적에는 메모리 반도체 가격 인상에 따른 비용 615억원이 반영됐다""고 설명했다. 이어 “가격 협상보다는 안정적인 공급 물량 확보를 통해 고객사 납기를 맞추는 데 집중할 것""이라고 말했다.
비용 부담에도 실적은 개선됐다. 전기차 시장 성장세 둔화로 전동화 사업은 부담이 이어졌지만, 해외 고객사 공급 확대가 이를 만회했다. 해외 완성차 업체향 공급 확대와 전장부품 제품 경쟁력 강화가 이를 만회했다. A/S 부문도 글로벌 판매 증가와 환율 효과에 힘입어 수익성 개선에 힘을 보탰다.
실적 개선과 별개로 연구개발 투자 기조도 유지했다. 현대모비스는 상반기 연구개발(R&D)에 9508억원을 집행해 연간 투자 계획의 44%를 소화했다. 북미와 유럽, 아시아 완성차 업체를 대상으로 수주 활동을 확대하며 상반기 해외 고객사 수주액은 7억4000만달러를 기록했다.
주주환원 정책도 유지한다. 중간배당은 주당 1500원으로 결정했으며, 올해 5~7월 취득한 5000억원 규모의 자사주 91만주를 다음 달 전량 소각할 예정이다.
현대모비스 관계자는 “일부 프로젝트 일정 조정으로 상반기 수주가 지연된 측면이 있었지만, 신규 제품과 신규 고객 확보를 통해 수주의 질을 높이고 추가 수주 기회를 확대해 나갈 것""이라고 말했다.",https://www.ekn.kr/web/view.php?key=20260724026555779,2026-07-24,y
naver,"현대모비스, 2분기 영업익 9752억원…전년비 12.1%↑",현대모비스 CI. 이미지=현대모비스 제공. 현대모비스는 25일 발표한 2분기 연결기준 실적에서 매출 16조3247억원으로 전년 동기 대비 2.4% 증가했다고 밝혔다. 영업이익은 9752억원으로 12.1% 상승했고 당기순이익도... ,"현대모비스는 25일 발표한 2분기 연결기준 실적에서 매출 16조3247억원으로 전년 동기 대비 2.4% 증가했다고 밝혔다.
영업이익은 9752억원으로 12.1% 상승했고 당기순이익도 1조602억원으로 13.5% 증가했다. 상반기 누계로는 매출 31조8852억원, 영업이익 1조7778억원으로 각각 3.9%, 8.0% 성장했다.
실적 개선은 제품 믹스 개선과 전사적 수익성 강화 활동에 기인한다. 일부 완성차 고객사의 생산 감소로 전동화 관련 매출이 다소 줄고 메모리 반도체 비용 부담이 이어졌지만, 해외 완성차 향 부품 매출 증가와 고부가 전장부품의 공급 확대, A/S 부품의 글로벌 판매 확대 및 우호적 환율 효과가 이를 상쇄했다.
미래 경쟁력 강화를 위해 현대모비스는 상반기에 약 9508억원의 연구개발(R&D) 투자를 집행했다. 이는 연간 계획 2조1631억원의 약 44%에 해당한다. 또한 북미·유럽·아시아 주요 완성차업체 대상 핵심부품 수주를 강화해 글로벌 고객 다변화에 속도를 내고 있으며, 상반기 수주 실적은 약 7억4000만 달러를 기록했다.
현대모비스 관계자는 “프로젝트 일정 조정과 전동화 시장 성장 둔화로 일부 수주가 지연됐지만, 신규 제품과 신규 고객 대상 최초 수주 확보에 집중해 수주의 질을 높이겠다”고 말했다.
한편 현대모비스는 현대차그룹의 글로벌 로보틱스·전동화 전략의 일환으로 미국에 연간 35만개 이상 생산 가능한 액추에이터 공장을 구축해 2028년부터 가동할 예정이다.
지난해 로보틱스사업실을 신설해 휴머노이드용 액추에이터 등 핵심 부품 연구개발을 전담하고 있으며, 최근 실리콘밸리에서 연 '모비스 모빌리티 데이'를 통해 스타트업·투자자와의 협력 방안을 모색하는 등 관련 생태계 확장에도 적극 나서고 있다.",https://www.pinpointnews.co.kr/news/articleView.html?idxno=471294,2026-07-24,y
naver,"현대모비스, 올 2분기 영업익 9752억원…전년比 12.1%↑","현대모비스가 고부가가치 전장부품 공급 확대와 A/S 사업의 견조한 실적에 힘입어 2분기 성장세를 이어갔다. 현대모비스는 올해 2분기 매출액 16조 3,247억원, 영업이익 9,752억원, 순이익은 1조 602억원을 기록했다고 24일... ","[주간한국 박현영 기자] 현대모비스가 고부가가치 전장부품 공급 확대와 A/S 사업의 견조한 실적에 힘입어 2분기 성장세를 이어갔다.
현대모비스는 올해 2분기 매출액 16조 3,247억원, 영업이익 9,752억원, 순이익은 1조 602억원을 기록했다고 24일 밝혔다. 이는 지난해 같은 기간보다 매출은 2.4%, 영업이익은 12.1%, 순이익은 13.5% 증가한 수치다. 상반기 누적 기준으로는 매출액 31조 8852억원, 영업이익 1조 7778억원을 기록하며 전년 동기 대비 각각 3.9%, 8.0% 성장했다.
현대모비스 측은 “제품 믹스 개선과 전사적인 수익성 강화 활동이 실적 향상을 견인했다”고 설명했다. 일부 완성차 고객사의 생산 물량 감소로 전동화 부문 매출이 소폭 줄고 메모리 반도체 비용 부담이 지속됐지만, 해외 완성차 메이커 대상 매출 증가와 고부가가치 전장부품 공급확대가 이를 상쇄했다는 설명이다. A/S 부품 역시 글로벌 판매 증가와 우호적인 환율 효과에 힘입어 견조한 실적을 이어갔다.
현대모비스는 미래 모빌리티 핵심 기술 확보를 위해 상반기 누적 9508억원 규모의 연구개발(R&D) 투자를 집행했다. 이는 연간 투자 계획인 2조 1631억원의 약 44% 수준이다. 아울러 북미와 유럽, 아시아 지역 주요 완성차 업체를 대상으로 핵심부품 수주 활동을 강화하며 글로벌 고객 다변화에도 속도를 내고 있다. 올해 상반기에는 글로벌 고객사를 대상으로 7억 4000만 달러 규모의 수주 실적을 거뒀다.
현대모비스 관계자는 “상반기에는 고객사의 전략 변경에 따른 프로젝트 일정 조정과 전동화 시장 성장세 둔화 등의 영향으로 일부 수주가 지연되기도 했지만, 신규 제품과 신규 고객사 대상 최초 수주 확보에 집중해 수주의 질을 높이고 추가 수주 기회를 적극 확대해 나갈 계획”이라고 말했다.
박현영 기자 hypark@hankooki.com",https://weekly.hankooki.com/news/articleView.html?idxno=7175855,2026-07-24,y
naver,"현대모비스, 인도 화재 손실 연내 정상화…11월 아틀라스 액추에이터 공...","현대모비스, 2분기 매출액 16.3조…2.4% ↑ 영업이익은 12.1% 증가한 9752억원 기록 A/S 사업 수익성 높아…이익률 27.3% 인도공장 화재, 1040억원 영업손실 전망 현대모비스가 고부가가치 전장 부품 공급 확대와 A/S사업의... ","영업이익은 12.1% 증가한 9752억원 기록
A/S 사업 수익성 높아…이익률 27.3%
인도공장 화재, 1040억원 영업손실 전망
◇2분기 영업익 12.1% 상승…A/S 상승세 견인
현대모비스는 24일 2분기 경영실적 컨퍼런스콜을 열고 매출액 16조3247억원, 영업이익 9752억원을 기록했다고 밝혔다.
매출액은 지난해 동기 대비 2.4%, 영업이익은 12.1% 늘었다. 당기순이익은 13.5% 증가한 1조602억원이었다. 상반기 누적 기준으로는 매출액 31조 8852억원, 영업이익 1조7778억원을 기록하며 전년 동기 대비 각각 3.9%, 8.0% 성장했다.
일부 완성차 고객사 생산 물량 감소로 인해 전동화 매출이 줄고 메모리 반도체 비용 부담이 지속됐지만, 해외 완성차 메이커 대상 매출 증가와 고부가가치 전장부품 공급확대가 이를 상쇄했다는 게 현대모비스 설명이다.
김도영 현대모비스 재경본부장(CFO) 전무는 이날 컨퍼런스 콜에서 ""우호적인 환율과 미국 관세 환급금 약 400억원이 일부 반영된 것도 있지만 단순한 일회성 효과만은 아니다""라며 ""판가 인상과 운용 효율성이 구조적으로 개선된 만큼 A/S 사업의 높은 수익성은 상당 기간 유지될 것으로 전망한다""고 말했다.
또 그는 ""전동화 시장 성장세 둔화와 일부 프로젝트 지연으로 올해 수주 목표 달성은 다소 도전적일 수 있다""면서도 ""고부가가치 제품 중심의 질적 성장은 계속 이어갈 계획""이라고 덧붙였다.
올해 상반기 현대모비스의 글로벌 고객사 대상 수주 실적은 약 7억4000만달러로 집계됐다.
◇ 印공장 화재 1040억원 영업손실…""연내 정상화""
이같이 실적 상승세가 이어지는 상황에서 인도공장 화재와 반도체 가격 상승 등 비용 부담은 하반기 실적의 주요 변수로 작용할 것으로 보인다.
특히 현대모비스는 지난달 발생한 인도 공장 화재와 관련한 손실 규모를 처음으로 구체화하며 생산 정상화 계획도 함께 제시했다. 김 전무는 ""하반기에는 인도 화재 관련 영업손실이 3분기에 약 500억원 규모로 집중 반영될 예정""이라며 ""4분기에는 약 200억원 수준으로 감소할 것으로 예상한다""고 밝혔다.
현대모비스는 긴급, 단기, 근본 등 대응 단계를 3단계로 나눠 추진 중이다. 현재는 글로벌 생산거점에서 부품을 긴급 조달, 현대차와 기아 생산 차질을 최소화하고 있다. 다만 이 과정에서 항공 운송비 등이 크게 늘었다.
또 기존 공장 부지에 임시 생산라인을 구축해 8~9월부터 순차적으로 가동하고, 섀시 공장은 내년 8월, 전장 공장은 같은 해 12월 완공해 정상화할 계획이다. 화재에 따른 재고 및 고정자산 손실과 영업손실 대부분은 보험을 통해 보전받을 수 있다는 게 현대모비스 설명이다.
김 CFO는 ""재고와 고정자산 손실은 올해 안에도 보험 처리가 가능할 것으로 예상되며, 영업손실 역시 사후적으로 보험 청구를 통해 회복 절차를 진행할 계획""이라고 설명했다.
◇ ""메모리값 상승 부담""…액추에이터 11월 시제품 공급
김 전무는 ""삼성과 마이크론 등 주요 업체와는 장기 공급계약을 체결해 물량을 안정적으로 확보하고 있지만 일반 부품과 PCB 소재 가격 상승은 손익 부담으로 이어지고 있다""며 ""가격 협상보다 고객사 납기 준수를 위한 안정적인 공급 확보를 최우선 과제로 대응하고 있으며 고객사와 원가 분담도 협의하고 있다""고 말했다.
아울러 현대모비스는 보스턴다이내믹스의 휴머노이드 로봇 '아틀라스'에 적용할 핵심 액추에이터 시제품을 오는 11월 공급할 예정이다. 모터와 감속기, 제어기 등 핵심 부품은 직접 생산하고 일부 하위 부품만 협력사 공급망을 활용하는 방식으로 로봇 전용 공급망을 구축한다는 계획이다.",https://www.asiatoday.co.kr/kn/view.php?key=20260724010008997,2026-07-24,y
naver,"현대모비스, 2분기 매출 역대 최대…영업이익 12％↑",현대모비스가 고부가가치 전장부품 공급 확대와 글로벌 고객사 매출 증가에 힘입어 올해 2분기 역대 최대 분기 매출을 기록하고 약 1조원의 영업이익을 달성했다. 현대모비스는 올해 2분기 매출액 16조3247억원... ,"현대모비스가 고부가가치 전장부품 공급 확대와 글로벌 고객사 매출 증가에 힘입어 올해 2분기 역대 최대 분기 매출을 기록하고 약 1조원의 영업이익을 달성했다.
현대모비스는 올해 2분기 매출액 16조3247억원, 영업이익 9752억원, 당기순이익 1조602억원을 기록했다고 25일 밝혔다.
이번 분기 매출은 지난해 같은 기간보다 2.4% 증가하며 역대 분기 기준 최대 매출을 경신했다. 영업이익과 당기순이익 역시 각각 12.1%, 13.5% 증가했다.
상반기 누적 기준으로는 매출액 31조8852억원, 영업이익 1조7778억원을 달성해 전년 동기 대비 각각 3.9%, 8.0% 성장했다.
제품 믹스 개선과 전사적인 수익성 강화 활동이 실적 향상을 이끌었다. 일부 완성차 고객사의 생산 물량 감소로 전동화 부문 매출이 소폭 줄고 메모리 반도체 비용이 지속됐으나 해외 완성차업체 대상 매출 증가와 고부가가치 전장부품 공급 확대가 이를 상쇄했다고 현대모비스는 설명했다. 애프터서비스(A/S) 부품 역시 글로벌 판매 증가와 우호적인 환율 효과에 힘입어 견조한 실적을 올렸다.
또 현대모비스는 미래 모빌리티 핵심 기술 확보를 위해 상반기 누적 9508억원 규모의 연구개발(R&D) 투자를 집행했다. 이는 연간 투자 계획(2조1631억원)의 약 44% 수준이다.
올해 상반기 글로벌 수주 실적은 7억4000만달러 규모다. 현대모비스는 북미와 유럽, 아시아 지역 주요 완성차 업체를 대상으로 핵심부품 수주 활동을 강화할 계획이다. 현대모비스 관계자는 “신규 제품과 신규 고객사 대상 최초 수주 확보에 집중해 수주의 질을 높이고 추가 수주 기회를 적극 확대할 것”이라고 말했다.
현대모비스는 중장기 주주환원 정책도 실행 중이다. 올해 중간배당은 주당 1500원으로 배당 기준일은 8월10일이다. 올해 5월부터 7월까지 총 5000억원 규모의 자사주 약 91만주를 매입해 오는 8월 전량 소각할 예정이다.
Copyright ⓒ 세계일보. 무단 전재 및 재배포 금지",https://www.segye.com/newsView/20260724509391?OutUrl=naver,2026-07-24,y
naver,"현대모비스, 전장부품 힘입어 2분기도 '성장세'",현대경제신문 임이랑 기자 | 글로벌 경영환경의 불확실성이 커지는 가운데서도 현대모비스가 전장부품 판매 호조와 A/S 사업의 안정적 성과를 바탕으로 2분기에도 성장세를 이어갔다. 현대모비스는 올해 2분기 매출... ,"상반기 R&D 투자 9508억원, 글로벌 수주 7억4000만달러
현대경제신문 임이랑 기자 | 글로벌 경영환경의 불확실성이 커지는 가운데서도 현대모비스가 전장부품 판매 호조와 A/S 사업의 안정적 성과를 바탕으로 2분기에도 성장세를 이어갔다.
현대모비스는 올해 2분기 매출 16조3247억원, 영업이익 9752억원, 당기순이익 1조602억원을 거뒀다고 25일 공시했다. 전년 동기와 비교하면 매출은 2.4%, 영업이익은 12.1%, 당기순이익은 13.5% 늘어난 수치다. 상반기 전체로 보면 매출 31조8852억원, 영업이익 1조7778억원으로 각각 3.9%, 8.0% 증가하며 상승 흐름을 이어갔다.
실적 개선의 배경에는 제품 구성 고도화와 회사 차원의 수익성 관리 노력이 자리한다. 일부 완성차 업체의 생산량이 줄면서 전동화 부문 매출이 다소 주춤했고 메모리 반도체 관련 비용 부담도 여전했지만, 해외 완성차 브랜드로의 판매 확대와 고부가가치 전장부품 비중 증가가 이 같은 약점을 메웠다. A/S 부품 부문도 해외 판매량 증가와 환율 우호 효과가 맞물려 안정적인 실적을 냈다.
미래 모빌리티 기술 경쟁력 확보 차원에서 현대모비스는 상반기에만 9508억원을 연구개발에 쏟아부었다. 연간 R&D 투자 계획 2조1631억원의 약 44%에 해당하는 규모다. 동시에 북미·유럽·아시아 완성차 업체를 겨냥한 핵심부품 수주 활동도 강화하며 고객사 포트폴리오 다변화를 꾀하고 있다. 그 결과 상반기 신규 수주액은 7억4000만달러에 달했다.
이번 실적은 전동화 시장 성장세가 주춤한 상황에서도 전장부품과 A/S라는 두 사업축이 균형을 이루며 버텨준 결과로 해석된다. 완성차 업체들이 전기차 전환 속도를 조절하는 흐름 속에서, 고객사와 제품군을 넓혀 위험을 분산한 전략이 효과를 낸 셈이다. 신규 고객사 확보에 집중하는 최근 수주 전략은 앞으로 수주 구조의 질적 개선으로 이어질 여지가 크다는 평가도 나온다.
현대모비스 관계자는 ""상반기에는 고객사의 전략 변경에 따른 프로젝트 일정 조정과 전동화 시장 성장세 둔화 등의 영향으로 일부 수주가 지연되기도 했지만, 신규 제품과 신규 고객사 대상 최초 수주 확보에 집중해 수주의 질을 높이고 추가 수주 기회를 적극 확대해 나갈 계획""이라고 말했다.
주주환원 측면에서도 움직임이 이어졌다. 현대모비스는 중간배당으로 주당 1500원을 지급하기로 했으며 배당 기준일은 8월 10일이다. 이와 함께 5월부터 7월까지 5000억원 규모의 자사주 약 91만주를 사들였고, 이 물량은 8월 중 전량 소각할 계획이다. 회사는 배당 확대와 자사주 매입·소각을 병행하며 주주가치 제고 기조를 이어갈 방침이다.",http://www.finomy.com/news/articleView.html?idxno=257960,2026-07-24,y
naver,"하이브·JYP, 7인조 신인 걸그룹 맞대결",JYP 걸그룹 '아워벌스데이' 데뷔 앞두고 디지털싱글 공개 하이브도 하반기 '튜이드' 출격 2011년생 최연소 멤버들 주목 국내 대표 연예기획사 하이브와 JYP엔터테인먼트가 하반기 7인조 걸그룹을 내놓기로 하면서 K팝... ,"데뷔 앞두고 디지털싱글 공개
하이브도 하반기 '튜이드' 출격
2011년생 최연소 멤버들 주목
24일 가요계에 따르면 JYP엔터테인먼트 산하 레이블인 이닛엔터테인먼트는 걸그룹 '아워벌스데이(OURBIRTHDAY)'의 공식 출격을 앞두고 있다. 그룹명 아워벌스데이는 매일이 생일인 것처럼 순간을 자유롭고 짜릿하게 즐기고, 음악과 무대를 통해 평범한 일상을 축제로 바꾸겠다는 포부를 담고 있다.
아워벌스데이 멤버는 총 7명이나 현재 조혜진, 베이비, 아치라야 3명만 공개된 상태다. 조혜진은 오디션 프로그램 '더 딴따라' 우승자이며 베이비와 아치라야는 대만·태국 출신 멤버로 알려져 있다.
이들은 공식 데뷔에 앞서 지난 22일 첫 디지털 싱글 '헝그리 사이드 에이(HUNGRY (Side A))'를 공개하고 활동을 시작했다. 공개된 뮤직비디오에서 세 멤버는 어두운 콘크리트 건물 안을 배경으로 강렬한 베이스 리듬과 활동적인 춤을 선보여 앞서 JYP에서 데뷔한 있지처럼 힙합풍 콘셉트를 내세울 것으로 전망된다.
아워벌스데이는 유튜브에 '악당 무미의 등장' '화려한 반격'이라는 제목의 애니메이션을 공개하면서 독자적인 세계관의 시작을 알렸다. 영상에서는 악당 무미가 등장하면서 위험에 빠진 도시를 구하는 주인공 체리샤, 그루블루, 아이얏의 모습이 그려졌다.
하이브의 걸그룹 전문 신규 레이블 에이비디(ABD)는 7인조 걸그룹 '튜이드(TUIDE)'를 올 하반기 출격시킬 예정이다. 그룹명에는 '세상의 흐름을 조율한다(Tune the Tide)'는 뜻을 담았다.
튜이드 멤버는 서희, 서연, 엘레나, 지아, 사키, 세아, 이하늬 총 7명으로 구성됐다. 이들은 공식적으로 프로필을 공개하지 않은 상태이나 ABD 유튜브에 올라온 티저 영상을 통해 일부 멤버의 모습이 나타나 있다.
특히 멤버들 중 서연은 JYP엔터테인먼트 걸그룹 트와이스의 리더 지효와 자매지간이라는 점에서 큰 주목을 받고 있다. 과거 제시카(소녀시대)와 크리스탈(에프엑스)처럼 자매가 같은 소속사에서 데뷔한 적은 있으나, 자매가 각기 다른 소속사에서 데뷔하는 건 매우 이례적인 일이기 때문이다.
또한 세아와 이하늬는 2011년생으로 K팝 최연소 아이돌이라는 점도 이목을 끈다. 지금까지 데뷔한 2011년생 K팝 가수는 유니스의 임서원, 키라스의 로아 등 주로 중소형 기획사 소속이었다.
튜이드는 아직 앨범명이나 수록곡을 공개하지 않고 티저 영상과 로고 등만 공개한 상태다. 업계에서는 밝고 화사한 티저 영상 분위기를 감안하면 뉴진스처럼 청량한 하이틴 분위기의 곡을 선보일 가능성이 높다고 전망하고 있다.
튜이드가 택한 독특한 데뷔 방식도 주목받고 있다. 튜이드는 정식 데뷔에 앞서 오는 8월 1~2일 프리뷰 행사 '플레이그라운드(PLAYGROUND)'를 개최하고 총 450명의 관객을 대상으로 아직 발매되지 않은 데뷔 앨범 전곡과 퍼포먼스를 선공개한다. 이 행사는 사진 촬영·영상 녹화 등을 금지해 일반 대중에게는 여전히 튜이드의 정체가 베일에 싸여 있을 예정이다.
[김대은 기자]",https://www.mk.co.kr/article/12106796,2026-07-24,y
naver,"하이브 걸그룹 캣츠아이, 신곡 '애니멀' 발표…에드 시런 작곡 참여",캣츠아이(사진=하이브·게펜레코드) '애니멀' 뮤직비디오(사진=하이브·게펜레코드) ‘애니멀’은 무대 위 모습과 그 이면에서 깨어나는 거침없는 에너지 사이의 긴장감을 주제로 다룬 팝 트랙이다. 공동 작곡가로... ,"[이데일리 스타in 김현식 기자] 다국적 걸그룹 캣츠아이(KATSEYE)가 신곡 ‘애니멀’(Animal)을 24일 오후 1시 각종 온라인 음원사이트를 통해 발매했다. 
 
‘애니멀’은 무대 위 모습과 그 이면에서 깨어나는 거침없는 에너지 사이의 긴장감을 주제로 다룬 팝 트랙이다. 공동 작곡가로 참여한 세계적인 싱어송라이터 에드 시런을 비롯해 밴드 스노우 패트롤 멤버이자 프로듀서인 조니 맥데이드, 그래미 어워즈 수상 프로듀서 블레이크 슬랫킨 등이 음악 작업을 맡았다. 
 소속사 하이브·게펜레코드는 “내면에 잠재된 억누를 수 없는 본능과 야성을 경쾌한 리듬과 역동적인 비트, 중독성 강한 훅으로 풀어냈다”고 설명했다. 이어 “듣는 이들이 각자의 방식대로 곡에 공감할 수 있도록 가사 내용에는 해석의 여지를 남겨뒀다”고 부연했다. 
			
		 관능적인 서스펜스 영화를 연상케 하는 뮤직비디오를 통해서는 이성과 본능이 충돌하는 순간을 표현했다. 할리우드 배우 데미 무어는 카메오로 출연해 서사에 정점을 찍는 역할을 맡았다. 뮤직비디오를 통해 동물의 발톱을 모티브로 한 안무를 선보이는 캣츠아이 멤버들의 모습도 볼 수 있다. 
			
		 캣츠아이는 하이브와 미국의 게펜레코드가 합작해 만든 팀이다. 글로벌 오디션 프로젝트 ‘더 데뷔: 드림 아카데미’를 통해 멤버를 선발했다. 이들은 올해 ‘2026 아메리칸 뮤직 어워즈’에서 올해의 신인상을 수상했다. 
 ‘애니멀’은 캣츠아이가 내달 14일 발매하는 3번째 미니앨범 ‘와일드’(WILD)의 선공개곡이다.",https://www.edaily.co.kr/news/newspath.asp?newsid=04382086645517800,2026-07-24,y
naver,"박시영 디자이너, 이번엔 하이브 공개 저격 ""애 하나 타깃 삼아…행태 ...","영화 포스터 디자이너 박시영이 하이브를 강하게 비판했다. 박시영 디자이너는 23일 자신의 계정에 ""K-팝 산업에서 대기업이라는 하이브가 벌이는 행태가 역겨워""라는 글을 게재했다. 그는 ""미성년자 친구들의 한 시절을... ","박시영 
(엑스포츠뉴스 명희숙 기자) 영화 포스터 디자이너 박시영이 하이브를 강하게 비판했다.
박시영 디자이너는 23일 자신의 계정에 ""K-팝 산업에서 대기업이라는 하이브가 벌이는 행태가 역겨워""라는 글을 게재했다.
그는 ""미성년자 친구들의 한 시절을 트레이닝이라는 명목으로 취했고""라며 ""애들 데리고 장사하고 애들을 대상으로 장사하면 최소한 어른 구실은 해야지. 난 걔들이 짜쳐""라고 날 선 어조로 하이브를 저격했다.
이어 박시영 디자이너는 ""민희진이고 방시혁이고 내 알 바 아니고, 애 하나 타깃 잡아서 조지는 게 뭔 정의 구현이냐""며 해당 글을 기사화하길 바란다고 당부하기도 했다.
뿐만 아니라 박시영 디자이너는 자신을 향한 악플에 대해서도 날 선 태도를 보였다. 그는 ""내 나이 오십에 영포티라는 말에 긁히겠냐""며 ""악플이나 괴이한 메시지를 보면 우울감을 느낀다. 내가 저런 인생보다는 무척 낫구나 싶어서""라고 악플을 대수롭지 않게 여겼다.
이어 ""뭐 어차피 이슈야 오래가봤자 사흘이고 욕해봤자 어디 게시판에 모여 지저귀고 있겠지""라고 덧붙였다.
앞서 박시영 디자이너는 뉴진스 공식 채널에 데뷔 4주년을 맞아 '2026 Summer of NewJeans'라는 제목의 스페셜 필름과 단체 및 개인 사진이 공개된 뒤 ""뉴진스 새 거 떴다길래 눈뜨자마자 보러 갔더니 진짜 촌스럽네. 무슨 감성이 '가요톱텐' 시절도 아니고""라고 비판하는 글을 게재하기도 했다.
한편, 박시영은 영화 '왕을 사는 남자', '군체', '호프'를 비롯해 '마더', '관상', '곡성' 등 다수의 유명 작품 포스터를 제작해 온 디자이너다.
사진 = 박시영 계정 
    
명희숙 기자 aud666@xportsnews.com",https://www.xportsnews.com/article/2175561,2026-07-24,y
naver,"[뮤즈이슈]‘왕사남’ 박시영 디자이너, 이번엔 하이브 저격‥“애들로...","영화 ‘왕과 사는 남자’ 포스터를 디자인한 박시영 디자이너가 이번엔 하이브를 저격했다. 지난 23일 박시영은 자신의 채널에 “오, 말 나온 김에 이것도 기사화될까? 제발 기사화되길. K팝 산업의 대기업인 하이브가... ","[헤럴드뮤즈=김나율 기자]영화 ‘왕과 사는 남자’ 포스터를 디자인한 박시영 디자이너가 이번엔 하이브를 저격했다.
지난 23일 박시영은 자신의 채널에 “오, 말 나온 김에 이것도 기사화될까? 제발 기사화되길. K팝 산업의 대기업인 하이브가 벌이는 행태가 역겹다”고 운을 뗐다.
이어 “미성년자들의 한 시절을 트레이닝이라는 명목으로 함께했다면 최소한 어른답게 행동해야 하는 것 아니냐”며 “애들 데리고 장사하고 애들 대상으로 장사하면 어른 구실은 해야 한다”고 주장했다.
그러면서 “법과 돈으로 응징해 엔터테인먼트 업계의 기강을 잡겠다는 것이냐. 민희진이든 방시혁이든 내 알 바 아니지만, 애 하나를 타깃 삼아 몰아붙이는 게 무슨 정의 구현이냐. 적당히 해라”라고 했다.
악플에 대한 생각으로 “반성한다. 저런 사람들도 자기표현에 주저함이 없고 부지런한데, 창작하는 사람으로서 더 주저하지 말아야 한다”고 전했다.
박시영은 최근 뉴진스를 두고 소신발언해 화제가 됐다. 지난 22일, 박시영은 자신의 채널에 “아니 XX 뉴진스 새것 떴다길래 눈뜨자마자 보러 갔더니 XX XX 촌스럽네. 뭔 감성이 가요톱텐 시절도 아니고...”라고 했다.
그러면서 “뉴진스 4명이 뭐여? 진격의 거인에게 진격이 빠져부렸어. 감 없고 자존심만 부리는 사람이 회사를 차려서 큰 투자를 받은 게 원죄지 뭐”라고 저격해 논란이 됐다.
한편 뉴진스는 지난해 3월 홍콩에서 열린 콤플렉스콘 공연 이후 약 1년 4개월 만에 복귀했다. 뉴진스의 데뷔 4주년을 기념해 단체 및 개인 콘셉트 포토 및 티저 필름을 기습 공개됐으며, 민지의 거취는 여전히 논의 중이다.
nayul@heraldcorp.com",https://www.heraldmuse.com/article/10819393?ref=naver,2026-07-24,y
naver,"하이브 주가, 7월 24일 장중 212,000원 0.47% 상승","따르면 하이브는 지난 종가 대비 상승한 212,000원에 거래되고 있다. 이는 지난 종가 211,000원보다 1... 동일 업종의 등락률이 -0.18%를 기록한 가운데, 하이브는 업종 대비 상대적으로 높은 성과를 나타내고... ","[중앙이코노미뉴스 조용우] 24일 오후 2시 1분 기준, 네이버페이 증권에 따르면 하이브는 지난 종가 대비 상승한 212,000원에 거래되고 있다.
이는 지난 종가 211,000원보다 1,000원 상승한 가격이며, 0.47%의 등락률을 기록했다. 시가는 208,000원으로 출발했으며, 현재가는 205,000원의 저가와 213,500원의 고가 사이에서 고가에 근접한 수준을 형성하고 있다. 현재까지의 변동폭은 8,500원이다. 총 거래량은 100,026주이며, 거래대금은 208억 9,900만 원으로 집계되었다.
동일 업종의 등락률이 -0.18%를 기록한 가운데, 하이브는 업종 대비 상대적으로 높은 성과를 나타내고 있다. 코스피 시가총액 순위는 78위를 기록 중이며, 총 시가총액은 9조 1,386억 원이다. 외국인 투자자들의 보유율을 나타내는 외국인 소진율은 18.69%이다.
시간대별 시세 흐름을 살펴보면, 9시에는 209,500원으로 시작하여 205,000원과 213,000원 사이에서 움직였다. 10시에는 210,500원에서 시작한 뒤 209,000원과 212,500원 사이에서 가격을 형성했다. 11시에는 210,000원 수준에서 거래를 시작하며 205,500원까지 가격이 조정을 받았다. 12시에는 205,500원으로 시작해 208,500원까지 상승 폭을 나타냈다. 13시에는 207,000원으로 출발하여 212,000원까지 오르는 흐름을 보였다.",https://www.joongangenews.com/news/articleView.html?idxno=535251,2026-07-24,y
naver,"‘왕사남’ 포스터 디자이너 박시영, 하이브 공개 비판…“적당히 해야...",둘러싼 하이브의 대응을 공개적으로 비판했다. 박시영은 23일 자신의 사회관계망서비스(SNS)에 장문의 글을 올리고 하이브를 향해 “K팝 산업의 대기업이라는 하이브가 벌이는 행태가 역겹다”고 밝혔다. 그는 어린... ,"박시영은 23일 자신의 사회관계망서비스(SNS)에 장문의 글을 올리고 하이브를 향해 “K팝 산업의 대기업이라는 하이브가 벌이는 행태가 역겹다”고 밝혔다.
그는 어린 나이부터 연습생 생활을 거친 아티스트들을 대하는 엔터테인먼트 회사의 책임을 언급하며, 회사가 법적·금전적 방식으로 문제를 해결하는 데 대해서도 강한 불만을 나타냈다.
특히 뉴진스 멤버 다니엘을 둘러싼 상황도 거론했다. 박시영은 민희진 전 어도어 대표와 방시혁 하이브 의장 사이의 갈등에는 관심이 없다면서도 특정 멤버 한 명에게 책임이 집중되는 방식은 납득하기 어렵다는 취지로 주장했다. 그는 “애 하나 타깃 삼는 게 뭔 정의 구현이냐. 적당히 해야지”라고 적었다.
박시영은 이에 앞서 22일 뉴진스가 데뷔 4주년을 맞아 공개한 스페셜 콘텐츠도 공개적으로 혹평했다.
해당 콘텐츠에는 민지, 하니, 해린, 혜인 등 네 명이 등장했다. 박시영은 영상의 콘셉트와 디자인을 두고 촌스럽다고 평가하며 과거 뉴진스가 보여준 감각과 비교해 아쉽다는 취지의 의견을 냈다. 다니엘이 빠진 4인 구성에 대해서도 부정적인 반응을 보였다.
뉴진스 멤버들은 민희진 전 대표 해임 이후 어도어와 전속계약을 둘러싼 갈등을 이어왔다. 이후 멤버들이 복귀 의사를 밝히는 과정에서 다니엘을 둘러싼 법적 분쟁이 별도로 이어지고 있다.
어도어는 다니엘과 가족, 민 전 대표 등을 상대로 약 431억 원 규모의 손해배상 청구 소송을 제기했다. 어도어 측은 독자적인 상업 활동과 이중계약 등이 전속계약 위반에 해당한다는 입장이다. 다니엘 측은 자신에게 책임을 집중시키고 있다며 반박하고 있다.
박시영은 영화 ‘마더’, ‘관상’, ‘곡성’, ‘왕과 사는 남자’ 등 다수의 영화 포스터를 디자인하며 이름을 알렸다.",https://www.etoday.co.kr/news/view/2607168,2026-07-24,y
naver,"스토리IP 엮는 하이브…""마블유니버스? 작품간 연결고리 만들죠""","박태호 하이브 넥스트엔터 사업대표…""웹툰·애니, 더 많은 팬 모으는 기회"" 김경윤 특파원 = ""마블... 약한 연결고리를 정교하게 설계 중이죠."" 박태호 하이브 넥스트엔터테인먼트사업본부 사업대표는 23일(현지시간) 미국... ","박태호 하이브 넥스트엔터 사업대표…""웹툰·애니, 더 많은 팬 모으는 기회""
(샌디에이고=연합뉴스) 김경윤 특파원 = ""마블 유니버스를 꿈꾼다고까지 말하기는 조금 어렵지만, 그래도 작품 지식재산(IP) 간 연결고리를 유지하려고 해요. (세계관) 연결로 콘텐츠 시너지 효과를 낼 수 있고 팬들도 즐거워하니까요. 약한 연결고리를 정교하게 설계 중이죠.""
박태호 하이브 넥스트엔터테인먼트사업본부 사업대표는 23일(현지시간) 미국 캘리포니아주 샌디에이고 컨벤션센터에서 열린 샌디에이고 코믹콘(SDCC)에서 내외신 기자들과 만나 하이브의 스토리IP 전략에 대해 이같이 설명했다.
하이브는 그룹 방탄소년단(BTS)과 세븐틴이 소속된 가요 기획사로 잘 알려졌지만, 실은 5년째 웹소설·웹툰 콘텐츠를 쌓아온 스토리 제작사이기도 하다.
2022년 그룹 엔하이픈과 협업으로 만든 웹툰 '다크문' 시리즈가 인기를 끌면서 2024년에는 오디오 드라마와 단행본을 내놨다. 올 초 애니메이션으로 확장했고, 이번에는 아예 코믹콘에 진출했다.
'다크문' 시리즈는 뱀파이어를 주인공으로 내세우고 있다.
이 시리즈에 대해 박 대표는 ""'트와일라잇'이 뱀파이어를 아름답게 묘사하고 로맨스를 강하게 집어넣은 첫 작품이라면, '다크문'은 한발 더 나아가 연대와 유대라는 주제 의식을 갖고 있다""고 강조했다.
특히 뱀파이어가 인간도 괴물도 아닌 '경계인'이라는 점을 언급하며 정체성 혼란을 겪는 현대인에게 통하는 지점이 있을 것이라고 기대했다.
눈에 띄는 점은 '다크문'이 엔하이픈의 세계관에만 그치지 않는다는 점이다.
'다크문'에는 또 다른 보이그룹 앤팀과 협업한 캐릭터들도 함께 등장한다. 엔하이픈이 뱀파이어 소년들이라면, 앤팀은 뱀파이어와 대립해 온 늑대인간들이라는 설정이다.
두 그룹의 세계관은 각각 '다크문 : 달의 제단', '다크문: 회색 도시'로 풀어냈고, 웹툰 속에서 멤버들을 반영한 캐릭터가 함께 등장하기도 한다.
박 대표는 ""'다크문'은 단일 작품이라기보다는 스토리 월드로 육성하는 세계관""이라며 ""'다크문: 달의 제단' 외에도 늑대인간 이야기, 후속 이야기에 해당하는 다양한 작품이 있고 메인 캐릭터를 중심으로 이야기를 확장할 계획""이라고 전했다.
그룹 멤버들이 참여해 만든 스토리IP가 확장할수록 더 많은 팬을 끌어모을 수 있고, 기존 팬이 즐길 요소도 될 것이라고 박 대표는 설명했다.
이어 ""트랜스 미디어라는 방식이 새로운 팬을 만날 기회를 제공한다고 믿는다""며 ""애니메이션으로 만든 것도 웹툰과 애니메(일본식 애니메이션) 간 체급 차이가 있기 때문에 더 많은 팬을 얻어낼 기회라고 생각했다""고 덧붙였다.
 heeva@yna.co.kr
제보는 카카오톡 okjebo <저작권자(c) 연합뉴스, 무단 전재-재배포, AI 학습 및 활용 금지> 2026년07월24일 13시40분 송고",https://www.yna.co.kr/view/AKR20260724085200075?input=1195m,2026-07-24,y
naver,"하이브 그룹 어도어, 국내 단독 보이그룹 첫 오디션 개최","하이브 뮤직그룹 레이블 어도어(ADOR)가 처음으로 국내 단독 오디션을 연다고 24일 밝혔다. 어도어는 이날... 하이브는 방탄소년단(BTS)이 소속된 엔터테인먼트 회사다. 산하 레이블 소속 아티스트로는 르세라핌, 코르티스... ","하이브(212,000원 ▲1,000 +0.47%) 뮤직그룹 레이블 어도어(ADOR)가 처음으로 국내 단독 오디션을 연다고 24일 밝혔다.
어도어는 이날 공식 SNS(사회관계망) 채널에 '어도어 보이즈 오디션 인 코리아' 포스터를 게재하고 오디션 개최 소식을 알렸다.
이에 따르면 오는 다음달 1일 서울을 시작으로 2일 광주, 12일 제주, 14일 대전, 16일 원주, 29일 대구, 30일 부산 등 국내 7개 도시에서 오디션이 치러진다. 그간 전 세계를 무대로 진행해 온 오디션을 국내에 한정해 열고 전국의 숨은 원석을 집중적으로 발굴하겠다는 취지다.
이번 오디션은 2007년 이후 출생한 남자라면 누구나 지원 가능하다. 지원 분야에 제한은 없다. 장르 구분 없이 자신이 가진 재능을 자유롭게 펼치면 된다. 오디션장의 문턱도 낮췄다. 온라인을 통해 사전 접수를 마친 지원자 전원이 심사위원과 직접 마주하는 대면 오디션의 기회를 갖는다.
'어도어 보이즈 오디션 인 코리아'에 관한 그 밖의 자세한 정보는 오디션 공식 홈페이지에서 확인할 수 있다.
어도어는 ""방학 기간을 맞이한 학생 여러분의 많은 관심을 부탁드린다. 자신의 장점과 장기를 뽐내고 싶은 이라면 누구든 부담없이 오디션의 문을 두드려달라""라고 말했다.
하이브는 방탄소년단(BTS)이 소속된 엔터테인먼트 회사다. 산하 레이블 소속 아티스트로는 르세라핌, 코르티스 등이 있다.",https://www.mt.co.kr/stock/2026/07/24/2026072412333229679,2026-07-24,y
naver,"하이브-한국패션협회, K-팝 IP로 K-패션 글로벌 확장 나선다","▲(왼쪽부터) 유동주 하이브 뮤직그룹 APAC 대표, 최우혁 산업통상부 첨단산업정책관, 성래은 한국패션협회장/사진=하이브 제공  하이브와 한국패션협회가 K-팝 지식재산권(IP)과 국내 패션 제조 역량을 결합해 K-패션의... ","[소셜밸류=소민영 기자] 하이브와 한국패션협회가 K-팝 지식재산권(IP)과 국내 패션 제조 역량을 결합해 K-패션의 새로운 성장 모델 구축에 나선다.
하이브가 지난 22일 한국패션협회와 엔터테인먼트 및 패션 산업 간 협력을 위한 업무협약(MOU)을 체결했다고 24일 밝혔다.
이번 업무협약은 한국패션협회가 산업통상부 지원으로 서울 코엑스에서 개최한 '2026 K-패션 커넥트(2026 K-Fashion Connect)' 행사의 일환으로 진행됐으며, K-팝과 K-패션 산업을 각각 대표하는 하이브와 한국패션협회가 각자의 전문성과 산업적 역량을 바탕으로 K-팝 IP 기반 패션 상품과 연관 산업의 성장을 도모하기 위해 추진됐다.
양측은 이번 협약을 계기로 아티스트 IP를 활용해 국내 우수 제조 기업과 협력하는 K-패션 상품 생산 체계를 구축함으로써 새로운 비즈니스 기회를 발굴하는 한편, 콘텐츠와 제조 산업 간 연계를 강화해 산업 전반의 경쟁력을 높여 나갈 계획이다.
한국패션협회는 최근 K-패션의 글로벌 경쟁력과 산업 기반을 강화하기 위해 국내 브랜드의 뉴욕·상하이 글로벌 패션 전시회 참가를 지원했다. 이와 함께 섬유·패션업계의 품질 개선과 제조·유통 협력을 확대하는 사업을 통해 브랜드의 해외 진출과 국내 생산 생태계 활성화를 동시에 지원하고 있다.
유동주 하이브 뮤직그룹 APAC 대표는 ""K-팝은 이제 음악을 넘어 다양한 산업과 연결되며 새로운 가치를 만들어가고 있다""며 ""한국패션협회와 함께 국내 우수 제조 기업과의 협력을 확대하고, K-팝 IP를 기반으로 한 패션 비즈니스의 새로운 가능성을 만들어가겠다""고 말했다.
성래은 한국패션협회장은 “K-팝이 전 세계에 한국의 문화와 정체성을 알려왔다면, 패션은 이를 일상 속에서 경험하고 소비하게 하는 산업”이라며 “이번 협약은 엔터테인먼트와 패션 산업이 각자의 영역을 넘어 유기적으로 협력하는 의미 있는 사례로, K-패션의 글로벌 경쟁력 강화와 국내 제조 기반 활성화에 실질적인 계기가 될 것”이라고 말했다.
[저작권자ⓒ 사회가치 공유 언론-소셜밸류. 무단전재-재배포 금지]",https://www.socialvalue.kr/news/view/1065575281143553,2026-07-24,y
naver,"‘왕사남’ 박시영 디자이너, 하이브 공개저격… “애 하나 타깃 삼는 ...",하이브를 향해서도 거침없는 비판을 쏟아냈다. 박시영 디자이너는 23일 개인 소셜미디어에 “오 말 나온 김에 이것도 기사화될까? 제발 기사화되길”이라며 장문의 글을 게재했다. 그는 “K팝 산업의 대기업인 하이브가... ,"영화 ‘왕의 남자’ ‘관상’ ‘마더’ ‘곡성’ 등 다수 명작의 포스터를 작업한 유명 비주얼 디자이너 박시영이 뉴진스 데뷔 4주년 콘텐츠를 “촌스럽다”고 혹평한 데 이어, 이번에는 하이브를 향해서도 거침없는 비판을 쏟아냈다.
박시영 디자이너는 23일 개인 소셜미디어에 “오 말 나온 김에 이것도 기사화될까? 제발 기사화되길”이라며 장문의 글을 게재했다.
그는 “K팝 산업의 대기업인 하이브가 벌이는 행태가 역겹다”며 “미성년자들의 한 시절을 트레이닝이라는 명목으로 함께했다면 최소한 어른답게 행동해야 하는 것 아니냐. 애들 데리고 장사하고 애들 대상으로 장사하면 어른 구실은 해야 한다”고 비판했다.
이어 “법과 돈으로 응징해 엔터테인먼트 업계의 기강을 잡겠다는 것이냐”며 “민희진이든 방시혁이든 내 알 바 아니지만, 애 하나를 타깃 삼아 몰아붙이는 게 무슨 정의 구현이냐. 적당히 했으면 좋겠다”고 날을 세웠다.
악성 댓글에 대한 생각을 묻는 질문에는 “악플을 보면 오히려 반성하게 된다”며 “저런 사람들도 자기 표현에는 주저함이 없고 부지런하기까지 하다. 창작하는 사람으로서 나 역시 더 주저하지 말고 표현하며 살아야겠다는 생각을 한다”고 밝혔다.
앞서 박시영은 지난 22일 뉴진스가 데뷔 4주년을 맞아 공개한 스페셜 콘텐츠를 두고 “촌스럽다. 무슨 감성이 가요톱텐 시절도 아니고”라며 혹평했다. 또 “뉴진스 4명이 뭐냐. 진격의 거인에서 진격이 빠졌다”며 “감없고 자존심만 부리는 이가 회사를 차려서 큰 투자를 받은 게 원죄지 뭐”라고 덧붙였다.
뉴진스 멤버들은 민희진 전 어도어 대표의 해임 이후 소속사와 갈등을 빚다 2024년 11월 긴급 기자회견을 열고 전속계약 해지를 선언했다. 이후 독자 활동을 시도했으나 최근에는 모두 어도어 복귀 의사를 밝혔다. 해린과 혜인은 어도어를 통해 입장을 전한 반면, 민지·하니·다니엘은 개인 소셜미디어를 통해 직접 복귀 의사를 알렸다.
이 과정에서 다니엘은 뉴진스 멤버 가운데 유일하게 어도어로부터 전속계약 해지를 통보받아 팀 활동에서 제외됐으며, 현재 법적 분쟁을 이어가고 있다.
이다연 기자 ida@kmib.co.kr
GoodNews paper ⓒ 국민일보(www.kmib.co.kr), 무단전재, 수집, 재배포 및 AI학습 이용 금지",https://www.kmib.co.kr/article/view.asp?arcid=0030155364&code=61181111&cp=nv,2026-07-24,y
naver,"삼성전자·SK하이닉스, 중동 악재에 7∼8% 급락… 외인·기관 동반 싹쓸...",중동발 지정학적 리스크 고조와 미 국채 금리 상승 악재가 겹치며 국내 반도체 대장주인 삼성전자와 SK하이닉스가 하루 만에 7~8%대 급락세를 기록했다. 24일 유가증권시장에서 삼성전자는 전 거래일 대비 7.59... ,"중동발 지정학적 리스크 고조와 미 국채 금리 상승 악재가 겹치며 국내 반도체 대장주인 삼성전자와 SK하이닉스가 하루 만에 7~8%대 급락세를 기록했다.
24일 유가증권시장에서 삼성전자는 전 거래일 대비 7.59% 내린 24만 9,500원에, SK하이닉스는 8.34% 내린 175만 9,000원에 장을 마감했다. 삼성전자는 지난 3거래일간의 상승분(10.38%) 대부분을 반납했으며, SK하이닉스는 4거래일 만에 다시 170만 원선으로 후퇴했다.
전날 수급을 견인했던 외국인과 기관의 태도 변화가 급락을 이끌었다. 전날 외국인 순매수 1, 2위였던 두 종목은 하루 만에 순매도 1, 2위로 돌아섰다. 외국인은 SK하이닉스를 1조 7,568억 원, 삼성전자를 8,730억 원어치 순매도했으며, 기관 역시 SK하이닉스(8,673억 원)와 삼성전자(8,588억 원)를 대량 처분했다.
시장에서는 중동 긴장 가화에 따른 국제유가 폭등(배럴당 100달러 육박)과 미국 10년물 국채 금리 상승(4.7% 돌파)이 투자 심리를 냉각시킨 주요 원인으로 보고 있다.
아울러 알파벳이 빅테크 AI 투자 확대 발표에도 불구하고 현금 흐름 악화 우려로 뉴욕 증시에서 7%가량 급락하자, 국내 반도체주 전반에 걸쳐 차익실현 매물이 쏟아진 점도 영향을 미쳤다. 이에 따라 코스피 전기·전자 업종지수는 7.86% 폭락하며 전체 업종 중 가장 큰 낙폭을 기록했다.
Fn투데이는 여러분의 후원금을 귀하게 쓰겠습니다.",https://www.fntoday.co.kr/news/articleView.html?idxno=388856,2026-07-24,y
naver,"'조정장'에 다시 늘어나는 서학개미, SK하이닉스도 국내 주식 아닌 미국...",개인투자자들은 SK하이닉스조차도 국내 본주가 아닌 미국에 상장된 주식예탁증서(ADR)를 사들이고 있다. 7월 국내주식 투자자들의 미국 주식 순매수 결제액이 25억 달러를 넘어섰다. 사진은 미국 월스트리트.... ,"박재용 기자 jypark@businesspost.co.kr2026-07-24 17:09:34
확대축소
공유하기
[비즈니스포스트] 미국 주식에 투자하는 개인투자자(서학개미)가 다시 늘어나고 있다.
개인투자자들은 SK하이닉스조차도 국내 본주가 아닌 미국에 상장된 주식예탁증서(ADR)를 사들이고 있다.
국내 증시가 상승 흐름이 한풀 꺾인 상태에서 큰 변동성을 보이고 있는 만큼 미국으로 발길을 돌리는 개인투자자 흐름이 당분간 이어질 가능성이 나온다.
24일 한국예탁결제원 증권정보포털 세이브로에 따르면 7월 들어 이날까지 국내 투자자의 미국 주식 순매수 결제액은 약 25억3026만 달러로 집계됐다.
원/달러 환율을 1500원으로 적용하면 약 3조7954억 원으로, 5개월 만에 최고치다. 6월 전체 순매수 규모인 6억3296만 달러보다 3배 이상 늘었다.
개인투자자는 4월과 5월에는 국내 증시 활황과 국내시장복귀계좌(RIA) 등 정부의 서학개미 국장 복귀 유도 정책에 힘입어 미국 주식을 순매도했다. 이후 6월 순매수로 전환한 뒤 7월 들어 매수세가 더욱 강해진 것이다.
7월 들어 국내 증시가 높은 변동성을 보이면서 피로감을 느낀 서학개미들이 다시 미국 증시로 복귀하는 것으로 보인다.
이 기간 서학개미들이 가장 많이 사들인 종목은 'SOXL(Direxion Daily Semiconductors Bull 3X Shares)'로, 모두 52억2833만 달러어치를 순매수했다.
SOXL은 미국 필라델피아 반도체지수를 3배로 추종하는 상장지수펀드(ETF) 상품이다. 서학개미들이 미국 반도체주 성장성에 베팅한 것으로 읽힌다.
본주가 국내 증시에 있는 SK하이닉스 ADR도 순매수 상위권에 이름을 올렸다.
특히 현지시각 7월10일 상장 이후, 국내 증시가 아닌 미국 증시에서 SK하이닉스 주식을 사려는 개인투자자가 더 많았던 것으로 파악됐다.
세이브로에 따르면 국내 투자자들이 10일(현지시각)부터 23일까지 순매수한 SK하이닉스 ADR은 6억1367만 달러로, 원/달러 환율 1500원 기준 약 9200억 원이다. 이 기간 순매수 규모 2위에 해당한다.
반면 ADR 상장 직후 국내 첫 거래일인 7월13일부터 23일까지 개인투자자들은 국내 증시에서 SK하이닉스 주식을 1756억 원어치 순매도했다.
SK하이닉스는 국내 증시에 이미 상장돼 있어 미국 증시에서 ADR로 사면 수수료와 세금 측면에서 손해를 볼 가능성이 높은데도 미국 시장에서의 매수세가 더 컸던 셈이다.
이처럼 서학개미들의 국내 증시 이탈세가 빨라지는 원인으로 국내 증시의 높은 변동성이 꼽힌다.
이날 코스피는 전날보다 5.72%(406.27포인트) 내린 6690.62로 마감했다.
장중 코스피200 선물 최근월물 가격이 전날보다 5% 이상 하락한 상태가 1분간 지속되면서 매도 사이드카(프로그램 매도호가 일시 효력정지)가 발동되기도 했다.
올해 21번째 매도 사이드카로, 20번의 매수 사이드카까지 포함해 올해 들어 이날까지 사이드카가 41번 발동 됐다.
국내 레버리지 ETF 출시가 증시 변동성 확대를 부추기고 이에 따라 개인투자자의 국내 증시 이탈을 가속화하고 있다는 분석도 나온다.
윤재홍 미래에셋증권 리서치센터 수석연구위원은 21일 국회에서 열린 ‘우리 주식시장, 이대로 괜찮은가’ 간담회에서 “현재는 레버리지 ETF에 의한 구조적 변동성 상승이 나타나고 있다”며 “레버리지 ETF가 매일 기초자산 익스포저를 재조정하는 과정에서 가격이 오르면 더 사고, 내리면 더 파는 방향으로 작동해 지수의 상승과 하락을 가중시켰다”고 말했다.
한 증권사 고위관계자는 비즈니스포스트에 ""금융당국이 해외 증시로 자금 유출을 막기 위해 삼성전자와 SK하이닉스 단일종목 레버리지 ETF 출시를 서두른 측면도 있다""며 ""지금은 기존 취지와 정반대로 흘러가는 모습""이라고 지적했다.
당국도 레버리지 ETF 규제를 강화하며 수습에 나서고 있다.
금융위원회는 이날 ‘단일종목 레버리지 상품 기본예탁금 강화 조기시행 방안’을 발표했다.
이번 방안은 이달 31일부터 레버리지 상품 투자에 필요한 기본예탁금을 기존 1천만 원에서 3천만 원으로 상향하는 내용을 뼈대로 한다. 이 밖에도 △예탁금 산정 시 현금만 인정 △상품 매매수량 단위 개선 △운용사·증권사 괴리율 관리의무 강화 등이 담겼다.
금융위원회는 ""충분히 위험을 알고 손실을 감내할 수 있는 투자자만 투자할 수 있게 한 조치""라고 설명했다. 박재용 기자",https://www.businesspost.co.kr/BP?command=article_view&num=443127,2026-07-24,y
naver,"""2027년 침체기 온다는데…"" 100조 쏟아붓는 SK하이닉스, 'HBM 왕좌' 지킬...","SK하이닉스가 AI 메모리 수요 대응을 위한 생산 거점 확보에 속도를 내고 있다. HBM 공급 우위를 장기간 유지하기 위해 생산 시설 가동 시점을 앞당겼다. 다만, 글로벌 메모리 경쟁사의 추격 증설, 반도체 메모리 호황... ","2027년 말까지 청주 후공정 거점 생산능력 확대
HBM 호황 지속 관건…공급 과잉 땐 수익성 방어 과제
		
		
		【뉴스퀘스트=이승주 기자】 SK하이닉스가 AI 메모리 수요 대응을 위한 생산 거점 확보에 속도를 내고 있다. HBM 공급 우위를 장기간 유지하기 위해 생산 시설 가동 시점을 앞당겼다. 다만, 글로벌 메모리 경쟁사의 추격 증설, 반도체 메모리 호황 사이클 전환은 변수로 꼽힌다.
24일 업계에 따르면, SK하이닉스는 반도체 후공정 거점공장인 P&T7를 내년 하반기 완공, 신규 메가팹(M17)은 내년 착공 후 2029년 상반기 완공을 목표로 하는 것으로 전해졌다. P&T 최초 클린룸을 이르면 내년 7월 오픈하는 것으로 앞당겼다.
이에 따라 초기 건설 비용은 7조931억원으로 확대됐다. 이는 자기자본의 5.88%에 해당하는 규모다. P&T17은 HBM 적층, 첨단 패키징 등 AI 메모리의 핵심 후공정을 담당한다. 고부가 제품의 생산 효율을 높이는 역할을 맡는다.
SK하이닉스의 청주 P&T7 투자는 AI 메모리 시대의 수익 구조를 장기적으로 고착하려는 전략으로 평가된다. M17 등 메모리 생산시설과 P&T7 첨단 패키징 시설을 포함한 청주 투자 규모는 총 100조원 수준에 이른다.
◇ 가격 프리미엄 유지, 영업이익률 방어 관건
다만, 핵심은 생산량이 아니라 고부가 HBM 중심의 현금 창출 구조 확보 여부가 거론된다. 투자 회수의 관건으로 HBM 가격 프리미엄 유지와 영업이익률 방어가 꼽힌다.
현재 메모리 시장은 SK하이닉스가 엔비디아향 공급을 바탕으로 선점 효과를 유지하고 있다. 그 가운데, 글로벌 메모리 업계 내 경쟁사 삼성전자·마이크론 또한 추격 증설을 단행하고 있다. AI 메모리 사이클이 이어질 경우 청주 투자는 실적 레버리지로 작용, 매출 증가 폭 대비 영업이익이 더 빠르게 늘어날 수 있다.
업계에서는 SK하이닉스가 대규모 투자를 감당할 수 있는 현금 창출력에 주목하고 있다. 글로벌 빅테크 기업들의 AI 인프라 투자 확대 속 고부가가치 제품 판매가 증가한 점이 영향을 미친 것으로 보고 있다.
SK하이닉스가 공개한 올해 1분기 분기보고서에 따르면, 연결기준 1분기 영업활동현금흐름은 26조원 이상을 기록, 투자 재원을 마련했다. 이는 지난해 동기(9조200억원) 대비 3배 가까이 증가한 수치로, 1분기 말 기준 현금과 현금성 자산은 21조1000억원을 넘어섰다. 이는 전분기 대비 9조원 가까이 증가한 수치다.
◇ 2027년 이후 메모리 공급 과잉 가능성 시험대
그러나, 경쟁사들의 증설 경쟁이 동시에 심화할 경우 메모리 공급 과잉으로 번져 가격 하락 압력으로 이어질 가능성도 거론된다.
일부 글로벌 투자은행(IB) 반도체 사이클에 대해 2027년 이후 공급 과잉으로 인한 침체기에 들어설 것이라는 전망도 나온다. 미국 투자은행 모건스탠리는 내년 이후 HBM 공급 확대, D램 공급 증가가 맞물리면서 메모리 업황이 둔화할 수 있다는 가능성을 제기했다.
시장조사업체 옴디아 역시 AI 서버 수요는 지속되나 메모리 업체들의 공격적인 증설이 이어진다면 2027~2028년 공급 균형이 흔들릴 수 있다고 분석했다.
이에 따라 SK하이닉스의 청주 공장은 완공 시점이 아니라 2027년 이후 침체기 속에서도 HBM 가격 경쟁력, 높은 가동률을 유지해 현금 창출력을 이어갈 수 있는지에 달려 있는 것으로 여겨진다.
증권가 역시 SK하이닉스에 대해 수익성을 지속해 나갈 수 있을지에 초점을 맞추고 있다. 채민숙 한국투자증권 연구원은 “메모리 산업이 3~5년 장기공급계약(LTA) 구조로 변화하면서 기업 가치는 분기별 평균판매가격(ASP) 상승률보다 높은 수익성이 얼마나 오랜 기간 지속되는지에 의해 결정될 것”이라고 분석했다.
SK하이닉스 측은 “P&T7에 투입되는 전체 사업비 19조원에는 변동이 없다”면서 “AI 메모리 수요 증가에 맞춰 클린룸 개장, 생산 시설 구축 일정을 앞당김에 따라 투자금 집행 시점이 계획보다 빨라진 것”이라고 설명했다.
<세상을 보는 바른 눈 '뉴스퀘스트'>",https://www.newsquest.co.kr/news/articleView.html?idxno=270323,2026-07-24,y
naver,Naver brings smart building technology to Japan,Naver Corp. will deploy its smart building technology at an external commercial property for the... Team Naver said Thursday it will work with NTT East and Mitsui Fudosan to introduce the... ,"Naver Corp. will deploy its smart building technology at an external commercial property for the first time, bringing the robot-friendly operating system developed for its 1784 headquarters in South Korea to a major mixed-use complex in Tokyo.
Team Naver said Thursday it will work with NTT East and Mitsui Fudosan to introduce the technology at Tokyo Midtown Yaesu, a 45-story building in the Japanese capital’s business district.
Connected directly to Tokyo Station, the complex houses offices, retail stores, a hotel and a bus terminal, making it one of the city’s busiest mixed-use developments.
Naver will provide an integrated platform combining autonomous robots, a cloud-based robot control system and digital twin technology. The company said the system is designed to allow multiple robots to navigate large buildings efficiently while coordinating with elevators, entrances and other building infrastructure.
Mitsui Fudosan will oversee robot delivery services and manage integration with the building’s facilities, while NTT East will develop the digital twin environment and maintain the delivery robots.
The three companies will initially launch autonomous robot delivery services at Tokyo Midtown Yaesu before exploring broader applications for smart building operations in Japan.
By Jeong Ho-jun and Minu Kim",https://www.mk.co.kr/article/12106674,2026-07-24,y
finnhub,IREN Stock: Why I'm Still Choosing Nebius,"Explore IREN Limitedâs new compute deal, raised ARR outlook, and key risks like dilution and higher capital costs. Click to see why IREN stock is rated a Sell.","Summary
- IREN is gaining on a new compute deal and boosting ARR outlook.
- Despite the momentum, IREN looks like a long-term laggard in the space.
- Shareholder dilution and a rising cost of capital make the stock a Sell for me.
Analyst’s Disclosure: I/we have a beneficial long position in the shares of NBIS either through stock ownership, options, or other derivatives. I wrote this article myself, and it expresses my own opinions. I am not receiving compensation for it (other than from Seeking Alpha). I have no business relationship with any company whose stock is mentioned in this article.
Seeking Alpha's Disclosure: Past performance is no guarantee of future results. No recommendation or advice is being given as to whether any investment is suitable for a particular investor. Any views or opinions expressed above may not reflect those of Seeking Alpha as a whole. Seeking Alpha is not a licensed securities dealer, broker or US investment adviser or investment bank. Our analysts are third party authors that include both professional investors and individual investors who may not be licensed or certified by any institute or regulatory body.",https://finnhub.io/api/news?id=49a79ef3260de0520cd6b726c958548013c16511acdbd1ffa4cc15085709536d,2026-07-23,y
finnhub,"HC Wainwright & Co. Maintains Buy on IREN, Raises Price Target to $90",HC Wainwright &amp; Co.  analyst Mike Colonnese   maintains IREN (NASDAQ:IREN) with a Buy and raises the price target from $85 to $90.,"Never miss a trade again with the fastest news alerts in the world!
This headline only article is a sample of real-time intelligence Benzinga Pro traders use to win in the markets everyday.
Want the fastest, most accurate stock market intelligence? Want EXCLUSIVE stories originated by Benzinga reporters? Join 10,000+ serious traders in the Benzinga Pro community!",https://finnhub.io/api/news?id=2fad778e85c2bd2679e19df468d167ea753fef683bca9da13ba923b9c6ce33a1,2026-07-22,y
finnhub,"Neoclouds Nebius, IREN Tap Massive Hyperscaler AI Capex — Compute Is The New Oil","Neoclouds like Nebius and IREN offer public-market access to the AI build-out behind Microsoft, Open AI, Meta Platforms, and Anthropic.","Rather than betting on whichever model wins, the neocloud theme focuses on the contracted GPU capacity and data‑center power the AI models require.
- NBIS stock is climbing. See the chart and price action here.
Nebius and IREN Monetize AI Capex
AltStreet’s AI infrastructure guide makes the case that the real bottleneck in AI is shifting from algorithms to bankable compute: power‑dense data centers, racks of H‑class GPUs and long‑term offtake contracts that look more like midstream energy than venture‑style software.
Anthropic’s commitment to purchasing $30 billion of Azure compute capacity, with up to one gigawatt of infrastructure, illustrates the scale of demand now flowing into the GPUaaS and neocloud stack.
Nebius has built a hyperscale backlog with Microsoft and Meta while increasingly pivoting to an asset‑light model, using third‑party‑financed data centers and a $775 million asset‑backed facility secured on deployed GPUs and contracted cash flows.
IREN has signed multi‑billion‑dollar AI infrastructure deals that push its year‑end cloud ARR guidance above $4 billion, with customer prepayments covering a significant slice of its own capex.
Neoclouds Offer Leveraged Exposure to the AI Build‑Out
Investors have begun to treat these stocks as critical AI‑infrastructure players rather than crypto proxies, rewarding companies that secure multi‑year AI data‑center and neocloud services agreements.
The common thread is that these businesses monetize hyperscaler AI capex through contracted GPU and power capacity, increasingly supported by asset‑backed debt and customer prepayments.
In a market where AI narratives are crowded, framing Nebius, IREN, Hut 8 and Cipher as contract‑anchored compute landlords sharpens the investment case and ties upside directly to the multi‑trillion‑dollar data‑center build now underway.
Photo: Asef2425 / Shutterstock
This content was partially produced with the help of AI tools and was reviewed and published by Benzinga editors.
Market News and Data brought to you by Benzinga APIs© 2026 Benzinga.com. Benzinga does not provide investment advice. All rights reserved.
To add Benzinga News as your preferred source on Google, click here.",https://finnhub.io/api/news?id=d22219f91dae6fbda68e7a08101d370b2a4781a7464c4cfe9c602624c1a45c65,2026-07-21,y
finnhub,What’s Going on With Iren Stock on Tuesday?,IREN shares rose after raising its AI Cloud annualized revenue forecast above $4 billion following $2.8 billion in new customer contracts.,"Raised AI Cloud Revenue Forecast After New Contracts
IREN has raised its year-end AI Cloud annualized run-rate revenue forecast from $3.7 billion to over $4 billion, with approximately 85% of this now under contract.
The new contracts include customer prepayments covering around 45% of GPU capital costs, which could lower funding needs and solidify IREN’s position in the market.
IREN Technical Outlook: Below Key Moving Averages
The stock is currently trading about 2.6% below its 20-day simple moving average (SMA) of $43.24, and 19.5% below its 50-day SMA of $52.30.
The moving average convergence divergence (MACD) is below its signal line, indicating that upside momentum is fading unless it can reclaim that baseline, suggesting traders should watch for potential shifts in momentum.
IREN Earnings Date And Analyst Estimates: What To Expect
IREN is slated to provide its next financial update on August 27, 2026 (estimated).
- EPS Estimate: Loss of 38 cents (Down from 66 cents)
- Revenue Estimate: $165.16 million (Down from $187.30 million)
- Valuation: P/E of 52.2x (Indicates premium valuation)
Analyst Consensus & Recent Actions: The stock carries a Buy rating with an average price forecast of $79.11. Recent analyst moves include:
- Macquarie: Outperform (Maintains Target to $90.00) (July 15)
- Freedom Broker: Upgraded to Buy (Target $58.00) (July 6)
- Jefferies: Initiated with Buy (Target $79.00) (June 18)
How IREN Ranks On Momentum And Valuation
Below is the Benzinga Edge scorecard for IREN, highlighting its strengths and weaknesses compared to the broader market:
- Momentum: Bullish (Score: 85.12) — Stock is outperforming the broader market.
- Value: Weak (Score: 18.99) — Trading at a steep premium relative to peers.
The Verdict: IREN’s Benzinga Edge signal reveals a mixed profile, with weak value indicators suggesting a premium valuation, while momentum remains strong. This could indicate a cautious approach for investors as the stock navigates its current market dynamics.
IREN Price Action: Iren shares were up 3.46% at $41.59 during premarket trading on Tuesday, according to Benzinga Pro data.
Photo via Shutterstock
This content was partially produced with the help of AI tools and was reviewed and published by Benzinga editors.
Market News and Data brought to you by Benzinga APIs© 2026 Benzinga.com. Benzinga does not provide investment advice. All rights reserved.
To add Benzinga News as your preferred source on Google, click here.",https://finnhub.io/api/news?id=07e5cfd1e32614d446c20644374912b90ce2852c67425e6abf1542b0eee97f4d,2026-07-21,y
finnhub,IREN Stock Rally Sparks 40% Surge in Leveraged ETFs After $2.8 Billion AI Deal Win,"IREN stock surges 20% after raising its AI cloud revenue outlook, sending these leveraged ETFs soaring nearly 40%.","• IREN stock is surging to new heights today.
The rally was led by:
–Tradr 2X Long IREN Daily ETF (BATS:IREX) — up about 40%
–Defiance Daily Target 2X Long IREN ETF (NYSE:IRE) — up nearly 40%
–Leverage Shares 2X Long IREN Daily ETF (NASDAQ:IREG) — also gaining close to 40%
The move illustrates how single-stock leveraged ETFs can magnify upside when a high-beta AI infrastructure stock experiences a sharp re-rating.
Why These ETFs Are Outperforming
All three ETFs seek to deliver 200% of IREN’s daily return through derivatives rather than direct stock ownership.
When IREN jumped roughly 20%, the ETFs responded with gains approaching 40%, consistent with their daily leverage objective.
However, these funds are designed for short-term tactical trading, not long-term investing. Because leverage resets every day, returns can drift significantly from two times the stock’s cumulative performance over weeks or months, particularly during volatile trading.
That makes them attractive for traders with a high-conviction, short-term view but considerably riskier than owning the underlying shares.
AI Infrastructure Is Fueling the Trade
Monday’s surge was triggered after IREN boosted its 2026 annualized AI Cloud revenue target to more than $4 billion, from $3.7 billion previously.
The company also disclosed $2.8 billion of signed multi-year AI cloud contracts, with roughly 85% of the new revenue target already backed by agreements.
The announcement reinforced investor confidence that demand for AI compute infrastructure remains exceptionally strong.
The Fundamentals Behind the Bullish ETF Move
For leveraged ETF traders, the announcement wasn’t simply about higher revenue guidance.
Several fundamentals strengthened the investment case:
These developments suggest that the stock’s rally was driven by improving business fundamentals rather than speculative momentum alone — a key consideration for leveraged ETF traders.
What ETF Investors Should Watch
The three bullish IREN ETFs remain among the most aggressive ways to express a view on AI infrastructure.
If enthusiasm around AI cloud build-outs continues, these products could continue to outperform the underlying stock on strong up days. Conversely, any pullback in IREN would also be amplified roughly twofold, making risk management especially important.
With IREN’s next earnings update expected on Aug. 27, traders will be watching whether the company can translate its expanding AI contract backlog into accelerating revenue growth. This outcome could determine whether the current rally in leveraged IREN ETFs has further room to run.
Photo: Shutterstock
This content was partially produced with the help of AI tools and was reviewed and published by Benzinga editors.
Market News and Data brought to you by Benzinga APIs© 2026 Benzinga.com. Benzinga does not provide investment advice. All rights reserved.
To add Benzinga News as your preferred source on Google, click here.",https://finnhub.io/api/news?id=302c76b9997c755d96276a1ef20ffaf85ce8c5e63bad0798cc6d0b421b693c99,2026-07-20,y
finnhub,"AMC Entertainment, IREN, Hut 8 And Other Big Stocks Moving Higher On Monday","U.S. stocks saw mixed results, with Nasdaq up 150 points. AMC shares rose after beating earnings expectations. Other big gainers include NUAI, IREN, XNCR, HUT, CIFR, CLSK, NUVB, AXTI, ATEX, APLD, and CHRN.","U.S. stocks were mixed, with the Nasdaq Composite gaining around 150 points on Monday.
Shares of AMC Entertainment Holdings Inc (NYSE:AMC) rose sharply after the company reported better-than-expected second-quarter financial results.
AMC reported quarterly earnings of 14 cents per share which beat the analyst consensus estimate of a loss of 6 cents per share. The company reported quarterly sales of $1.597 billion which beat the analyst consensus estimate of $1.474 billion.
AMC Entertainment shares jumped 11.6% to $2.16 on Monday.
Here are some other big stocks recording gains in today’s session.
Photo via Shutterstock
© 2026 Benzinga.com. Benzinga does not provide investment advice. All rights reserved.
To add Benzinga News as your preferred source on Google, click here.",https://finnhub.io/api/news?id=13563db1aad6813aa65f6fd86d688cef57be9200d758542f3dfb59de7391d1b7,2026-07-20,n
finnhub,Why Is IREN Stock Jumping on Monday?,IREN shares surged after the company raised its AI Cloud ARR target above $4 billion following $2.8 billion in new multi-year customer contracts.,"This comes on the heels of securing new multi-year cloud services contracts valued at $2.8 billion with leading AI developers such as Microsoft, NVIDIA and Perplexity.
Raises AI Cloud ARR Target After $2.8B Contracts
IREN has raised its year-end AI Cloud annualized run-rate revenue forecast from $3.7 billion to over $4 billion, with approximately 85% of this now under contract.
Demand continues to exceed available and planned capacity, with IREN engaged across its 2026 and 2027 expansion pipeline.
Recent contracts include customer prepayments covering around 45% of GPU capital costs, lowering funding needs, while contracts carry a weighted average term of about four years.
The new contracts reflect strong demand from hyperscalers and enterprises, further solidifying IREN’s position in the AI cloud infrastructure market.
As of June 30, 2026, IREN had approximately $7.6 billion in cash and cash equivalents.
IREN Technical Outlook: Momentum Vs Key Moving Averages
The stock’s current price of $36.68 is significantly below its moving averages, with the 20-day simple moving average (SMA) at $44.22, indicating a 16.9% decline from this level. The MACD is currently below its signal line, suggesting that upside momentum is fading unless it can reclaim that baseline, which could be a critical point for traders to watch.
IREN Earnings Preview: Next Update Date And Analyst Estimates
IREN is slated to provide its next financial update on August 27, 2026 (estimated).
- EPS Estimate: Loss of 38 cents (Down from 66 cents)
- Revenue Estimate: $165.16 million (Down from $187.30 million)
Analyst Consensus & Recent Actions: The stock carries a Buy rating with an average price target of $79.11. Recent analyst moves include:
- Macquarie: Outperform (Maintains Target to $90.00) (July 15)
- Freedom Broker: Upgraded to Buy (Target $58.00) (July 6)
- Jefferies: Initiated with Buy (Target $79.00) (June 18)
How IREN Ranks On Value And Momentum
Below is the Benzinga Edge scorecard for IREN, highlighting its strengths and weaknesses compared to the broader market:
- Value: Weak (Score: 29.94) — Trading at a steep premium relative to peers.
- Momentum: Neutral (Score: 46.79) — Stock is showing moderate performance indicators.
The Verdict: IREN’s Benzinga Edge signal reveals a mixed profile, with weak value indicators suggesting a premium valuation, while momentum remains neutral. This could indicate a cautious approach for investors as the stock navigates its current market dynamics.
IREN Price Action: Iren shares were up 14.25% at $38.40 at the time of publication on Monday, according to Benzinga Pro data.
Photo via Shutterstock
This content was partially produced with the help of AI tools and was reviewed and published by Benzinga editors.
Market News and Data brought to you by Benzinga APIs© 2026 Benzinga.com. Benzinga does not provide investment advice. All rights reserved.
To add Benzinga News as your preferred source on Google, click here.",https://finnhub.io/api/news?id=eab626c338e3ac0b5b56869f1fd3f134ef0b90e1485f10333061bdc5be071ae7,2026-07-20,y
finnhub,"IREN Raises Year-End AI Cloud Annualized Run-Rate Revenue Target From $3.7B To More Than $4B, With ~85% Now Under Contract Following Multi-Year Cloud Services Contracts With AI Developers Representing $2.8B In Total Contract Value","IREN Limited (NASDAQ:IREN) (&#34;IREN&#34;) today announced that it has raised its year-end AI Cloud annualized run-rate revenue (&#34;ARR&#34;) target from $3.7bn to more than $4bn, of which approximately 85% is now","Never miss a trade again with the fastest news alerts in the world!
This headline only article is a sample of real-time intelligence Benzinga Pro traders use to win in the markets everyday.
Want the fastest, most accurate stock market intelligence? Want EXCLUSIVE stories originated by Benzinga reporters? Join 10,000+ serious traders in the Benzinga Pro community!",https://finnhub.io/api/news?id=5ea88195bc46665c3a6b7240dbecd10c02489cd1322e2ed5cb3c76b88c2a58d7,2026-07-20,y
finnhub,"Tesla, Inc. (TSLA) Q2 2026 Earnings Call Transcript","Tesla, Inc. (TSLA) Q2 2026 Earnings Call July 22, 2026 5:30 PM EDTCompany ParticipantsTravis Axelrod - Head of Investor RelationsElon Musk - Co-Founder,...","Company Participants
Travis Axelrod - Head of Investor Relations
Elon Musk - Co-Founder, Technoking of Tesla, CEO & Director
Vaibhav Taneja - Chief Financial Officer
Ashok Elluswamy - Executive Officer
Karn Budhiraj
Lars Moravy - Vice President of Vehicle Engineering
Brandon Ehrhart
Conference Call Participants
Andrew Percoco - Morgan Stanley, Research Division
Alexander Perry - BofA Securities, Research Division
Colin Langan - Wells Fargo Securities, LLC, Research Division
Walter Piecyk - LightShed Partners, LLC
William Stein - Truist Securities, Inc., Research Division
Dan Levy - Barclays Bank PLC, Research Division
Presentation
Travis Axelrod
Head of Investor Relations
Good afternoon, everyone, and welcome to Tesla's Second Quarter 2026 Q&A Webcast. My name is Travis Axelrod, Head of Investor Relations, and I'm joined today by Elon Musk, Vaibhav Taneja and a number of other executives.
Our Q2 results were announced at about 3:00 p.m. Central Time in the update deck we published at the same link as this webcast.
During this call, we will discuss our business outlook and make forward-looking statements. These comments are based on our predictions and expectations as of today. Actual events or results could differ materially due to a number of risks and uncertainties, including those mentioned in our most recent filings with the SEC.
During the question-and-answer portion of today's call, please limit yourself to one question and one follow-up. [Operator Instructions]
Before we jump into Q&A, Elon has some opening remarks. Elon?
Elon Musk
Co-Founder, Technoking of Tesla, CEO & Director
Thank you. So, yes, it's been a great quarter. We achieved record Q2 deliveries. Model Y, I believe it is now, I think it's the best-selling car of any kind in the world and is setting records across the board. So its popularity is increasing tremendously. And we're seeing in locations that have FSD approved, we're seeing a very high take",https://finnhub.io/api/news?id=e76ac851d90f47f03ee7638faec91d153d5b48705c25bff9d65a2552256f9225,2026-07-22,y
finnhub,Dell Technologies (DELL) Climbs 9.3% on Booming Demand for Nvidia-Powered AI Servers,"Dell Technologies (NYSE:DELL) surged by 9.32 percent on Wednesday to finish at $441.80 apiece as investors drew encouragement from the surging demand for AI servers using Nvidia chips. The stock rallied alongside its counterparts, Super Micro Computer (SMCI) and Hewlett Packard Enterprises, helped buoyed by SMCI’s record backlog of $60 billion in the fourth quarter […]","Dell Technologies (NYSE:DELL) surged by 9.32 percent on Wednesday to finish at $441.80 apiece as investors drew encouragement from the surging demand for AI servers using Nvidia chips.
The stock rallied alongside its counterparts, Super Micro Computer (SMCI) and Hewlett Packard Enterprises, helped buoyed by SMCI's record backlog of $60 billion in the fourth quarter of fiscal year 2026.
Investors took the backlog as a hint of strong demand for AI servers using Nvidia GPUs.
For illustration purposes only. Photo by Cookie Cutter on Pexels
$43.8B Record Revenue
For its part, Dell Technologies (NYSE:DELL) in May this year posted an 88 percent jump in revenues to $43.8 billion for the first quarter of the fiscal period ending May 28.
AI orders alone stood at $24.4 billion, while revenues from the said segment ended at $16.1 billion.
""We're increasing our AI server revenue expectations for FY27 to $60 billion, which only goes to show the AI opportunity shows no signs of slowing,"" it said earlier.
Dell Technologies (NYSE:DELL) is a long-standing partner of Nvidia Corp., with already more than 25 years of joint innovation.
AI-related collaboration began in 2023 with the launch of a wave of Dell PowerEdge Systems which can draw from NVIDIA's full AI stack—including GPUs, DPUs and the NVIDIA AI Enterprise software suite.
In May 2023, the two firms introduced what they called the Project Helix, a joint solution to make it easier for businesses to build and use generative AI models on premises to quickly and securely deliver better customer service, market intelligence, enterprise search, and a range of other capabilities.
In 2024, they collaborated for the launch of Dell AI Factory with Nvidia—an end-to-end enterprise AI platform combining Dell infrastructure with NVIDIA's accelerated computing and software.
This year, the two firms deepened with Blackwell-based AI servers, AI networking, and expanded AI Factory offerings aimed at enterprise customers and hyperscalers.
Upcoming Dividends
In other news, Dell Technologies (NYSE:DELL) announced the distribution of $0.63 in quarterly cash dividend on July 31, payable to all its shareholders on record as of July 21.
88% Q2 Growth Outlook
For the second quarter, Dell Technologies (NYSE:DELL) is targeting to rake in $43.8 billion in revenues, or an implied growth of 88 percent year-on-year.
""We're increasing our AI server revenue expectations for FY27 to $60 billion, which only goes to show the AI opportunity shows no signs of slowing,"" said Vice Chairman and Chief Operating Officer Jeff Clarke said.",https://finnhub.io/api/news?id=ab1c51e3cdd634f2e159885e8559ce1c733815f238afec6615775242a584f696,2026-07-23,y
finnhub,Is Dell Technologies (DELL) Undervalued On AI Server Volatility?,"Dell Technologies (DELL) is back in focus after its stock moved sharply alongside Super Micro Computer and Hewlett Packard Enterprise, as traders treated the AI server peers as a single trade tied to sector wide demand. See our latest analysis for Dell Technologies. Dell Technologies has seen sharp swings around AI server headlines, with a 1 day share price return of 5.83% but a 7 day share price return that fell 11.67%. This comes alongside a much stronger 90 day share price return of 88.28%...","Get insights on thousands of stocks from the global community of over 7 million individual investors at Simply Wall St.
Dell Technologies (DELL) is back in focus after its stock moved sharply alongside Super Micro Computer and Hewlett Packard Enterprise, as traders treated the AI server peers as a single trade tied to sector wide demand.
Dell Technologies has seen sharp swings around AI server headlines, with a 1 day share price return of 5.83% but a 7 day share price return that fell 11.67%. This comes alongside a much stronger 90 day share price return of 88.28% and a year to date share price return of 216.24%. The 1 year total shareholder return of 229.20% and 5 year total shareholder return above 8x indicate that long term momentum has been strong even as short term trading remains volatile.
If AI infrastructure is on your radar, this is also a useful moment to see which other stocks are moving in the space through our dedicated screener for 54 AI infrastructure stocks
Bulls see Dell Technologies as an AI infrastructure leader still pricing in room for further upside, while bears view the recent surge and sharp swings as overheating. Which camp do current valuation markers support as you look closer?
Most Popular Narrative: 16.5% Undervalued
With Dell Technologies last closing at $404.15 against a narrative fair value of $483.83, the current setup hinges on how AI led growth and margins play out over time.
Dell is shifting its business mix toward more IP rich and margin accretive storage and services through modernization and efficiency improvements, which is likely to expand operating margins and long term earnings power.
Want to see what underpins that earnings power story? The narrative leans on faster top line expansion, thicker margins, and a richer future profit multiple. Curious which assumptions really move that $483.83 fair value target?
Result: Fair Value of $483.83 (UNDERVALUED)
However, Dell Technologies still faces pressure if AI server margins remain rate dilutive or if the cyclical PC business softens again after the current refresh cycle.
Next Steps
Given the mix of enthusiasm and caution around Dell Technologies, this is a good time to move quickly, test the numbers yourself, and weigh both sides through the 4 key rewards and 3 important warning signs.",https://finnhub.io/api/news?id=3cda18243d5e0c9746f575a3cc0fa9bb85738fe225ffefa7989b9346c7cefffa,2026-07-22,y
finnhub,Brokers Suggest Investing in Dell Technologies (DELL): Read This Before Placing a Bet,"The average brokerage recommendation (ABR) for Dell Technologies (DELL) is equivalent to a Buy. The overly optimistic recommendations of Wall Street analysts make the effectiveness of this highly sought-after metric questionable. So, is it worth buying the stock?","The recommendations of Wall Street analysts are often relied on by investors when deciding whether to buy, sell, or hold a stock. Media reports about these brokerage-firm-employed (or sell-side) analysts changing their ratings often affect a stock's price. Do they really matter, though?
Before we discuss the reliability of brokerage recommendations and how to use them to your advantage, let's see what these Wall Street heavyweights think about Dell Technologies (DELL).
Dell Technologies currently has an average brokerage recommendation (ABR) of 1.64, on a scale of 1 to 5 (Strong Buy to Strong Sell), calculated based on the actual recommendations (Buy, Hold, Sell, etc.) made by 25 brokerage firms. An ABR of 1.64 approximates between Strong Buy and Buy.
Of the 25 recommendations that derive the current ABR, 16 are Strong Buy and two are Buy. Strong Buy and Buy respectively account for 64% and 8% of all recommendations.
Brokerage Recommendation Trends for DELL
Check price target & stock forecast for Dell Technologies here>>>
The ABR suggests buying Dell Technologies, but making an investment decision solely on the basis of this information might not be a good idea. According to several studies, brokerage recommendations have little to no success guiding investors to choose stocks with the most potential for price appreciation.
Are you wondering why? The vested interest of brokerage firms in a stock they cover often results in a strong positive bias of their analysts in rating it. Our research shows that for every ""Strong Sell"" recommendation, brokerage firms assign five ""Strong Buy"" recommendations.
In other words, their interests aren't always aligned with retail investors, rarely indicating where the price of a stock could actually be heading. Therefore, the best use of this information could be validating your own research or an indicator that has proven to be highly successful in predicting a stock's price movement.
Zacks Rank, our proprietary stock rating tool with an impressive externally audited track record, categorizes stocks into five groups, ranging from Zacks Rank #1 (Strong Buy) to Zacks Rank #5 (Strong Sell), and is an effective indicator of a stock's price performance in the near future. Therefore, using the ABR to validate the Zacks Rank could be an efficient way of making a profitable investment decision.
Zacks Rank Should Not Be Confused With ABR
Although both Zacks Rank and ABR are displayed in a range of 1--5, they are different measures altogether.
Broker recommendations are the sole basis for calculating the ABR, which is typically displayed in decimals (such as 1.28). The Zacks Rank, on the other hand, is a quantitative model designed to harness the power of earnings estimate revisions. It is displayed in whole numbers -- 1 to 5.",https://finnhub.io/api/news?id=c014a75d830c75d49b7bb0667a633c4d584c31259283c5441ed07f2f4aefc92b,2026-07-22,y
finnhub,Here's Why Dell Technologies (DELL) Fell More Than Broader Market,"The latest trading day saw Dell Technologies (DELL) settling at $381.88, representing a -3.65% change from its previous close.","Dell Technologies (DELL) ended the recent trading session at $381.88, demonstrating a -3.65% change from the preceding day's closing price. This change lagged the S&P 500's daily loss of 0.19%. Elsewhere, the Dow lost 0.59%, while the tech-heavy Nasdaq lost 0.05%.
Heading into today, shares of the computer and technology services provider had lost 3.21% over the past month, outpacing the Computer and Technology sector's loss of 4.32% and lagging the S&P 500's gain of 0.55%.
Analysts and investors alike will be keeping a close eye on the performance of Dell Technologies in its upcoming earnings disclosure. The company is forecasted to report an EPS of $4.89, showcasing a 110.78% upward movement from the corresponding quarter of the prior year. In the meantime, our current consensus estimate forecasts the revenue to be $46.48 billion, indicating a 56.1% growth compared to the corresponding quarter of the prior year.
In terms of the entire fiscal year, the Zacks Consensus Estimates predict earnings of $18.8 per share and a revenue of $174.48 billion, indicating changes of +82.52% and +53.68%, respectively, from the former year.
Investors should also pay attention to any latest changes in analyst estimates for Dell Technologies. Such recent modifications usually signify the changing landscape of near-term business trends. With this in mind, we can consider positive estimate revisions a sign of optimism about the business outlook.
Our research shows that these estimate changes are directly correlated with near-term stock prices. To utilize this, we have created the Zacks Rank, a proprietary model that integrates these estimate changes and provides a functional rating system.
The Zacks Rank system, stretching from #1 (Strong Buy) to #5 (Strong Sell), has a noteworthy track record of outperforming, validated by third-party audits, with stocks rated #1 producing an average annual return of +25% since the year 1988. Over the past month, there's been a 0.93% rise in the Zacks Consensus EPS estimate. Dell Technologies currently has a Zacks Rank of #1 (Strong Buy).
From a valuation perspective, Dell Technologies is currently exchanging hands at a Forward P/E ratio of 21.08. This expresses no noticeable deviation compared to the average Forward P/E of 21.08 of its industry.
It is also worth noting that DELL currently has a PEG ratio of 0.8. The PEG ratio bears resemblance to the frequently used P/E ratio, but this parameter also includes the company's expected earnings growth trajectory. Computer - Micro Computers stocks are, on average, holding a PEG ratio of 2.9 based on yesterday's closing prices.",https://finnhub.io/api/news?id=3c63f4e636f71a22ed3a925de15da6c5897550da0591d2fc5caffea258f90a96,2026-07-20,y
finnhub,Dell Technologies Inc. (DELL) Is a Trending Stock: Facts to Know Before Betting on It,"Recently, Zacks.com users have been paying close attention to Dell Technologies (DELL). This makes it worthwhile to examine what the stock has in store.","Dell Technologies (DELL) is one of the stocks most watched by Zacks.com visitors lately. So, it might be a good idea to review some of the factors that might affect the near-term performance of the stock.
Over the past month, shares of this computer and technology services provider have returned -3.2%, compared to the Zacks S&P 500 composite's +0.6% change. During this period, the Zacks Computer - Micro Computers industry, which Dell Technologies falls in, has gained 11.7%. The key question now is: What could be the stock's future direction?
While media releases or rumors about a substantial change in a company's business prospects usually make its stock 'trending' and lead to an immediate price change, there are always some fundamental facts that eventually dominate the buy-and-hold decision-making.
Revisions to Earnings Estimates
Here at Zacks, we prioritize appraising the change in the projection of a company's future earnings over anything else. That's because we believe the present value of its future stream of earnings is what determines the fair value for its stock.
We essentially look at how sell-side analysts covering the stock are revising their earnings estimates to reflect the impact of the latest business trends. And if earnings estimates go up for a company, the fair value for its stock goes up. A higher fair value than the current market price drives investors' interest in buying the stock, leading to its price moving higher. This is why empirical research shows a strong correlation between trends in earnings estimate revisions and near-term stock price movements.
Dell Technologies is expected to post earnings of $4.89 per share for the current quarter, representing a year-over-year change of +110.8%. Over the last 30 days, the Zacks Consensus Estimate has changed +1.7%.
The consensus earnings estimate of $18.8 for the current fiscal year indicates a year-over-year change of +82.5%. This estimate has changed +0.9% over the last 30 days.
For the next fiscal year, the consensus earnings estimate of $22.76 indicates a change of +21.1% from what Dell Technologies is expected to report a year ago. Over the past month, the estimate has changed +1.4%.
Having a strong externally audited track record, our proprietary stock rating tool, the Zacks Rank, offers a more conclusive picture of a stock's price direction in the near term, since it effectively harnesses the power of earnings estimate revisions. Due to the size of the recent change in the consensus estimate, along with three other factors related to earnings estimates, Dell Technologies is rated Zacks Rank #1 (Strong Buy).",https://finnhub.io/api/news?id=6631aed1e3e42a20ed98dfbf29e118aae690de4aeab9126fbdb3bf50c7cfcae2,2026-07-20,y
finnhub,"Wells Fargo Maintains Equal-Weight on Lululemon Athletica, Lowers Price Target to $105",Wells Fargo  analyst Ike Boruchow   maintains Lululemon Athletica (NASDAQ:LULU) with a Equal-Weight and lowers the price target from $110 to $105.,"Never miss a trade again with the fastest news alerts in the world!
This headline only article is a sample of real-time intelligence Benzinga Pro traders use to win in the markets everyday.
Want the fastest, most accurate stock market intelligence? Want EXCLUSIVE stories originated by Benzinga reporters? Join 10,000+ serious traders in the Benzinga Pro community!",https://finnhub.io/api/news?id=44939c480c78278a2fea94cf9ea26d382ee91d5feeb06b37d1e70035f4c8f879,2026-07-21,y
